use mis;
set character set utf8;

/*==============================================================*/
/* Table: ts_role                                               */
/*==============================================================*/
insert ts_role(f_role_id,f_code,f_role_name) values(1,'JS001','系统管理员');
insert ts_role(f_role_id,f_code,f_role_name) values(2,'JS002','数据管理员');
insert ts_role(f_role_id,f_code,f_role_name) values(3,'JS003','数据查询员');

/*==============================================================*/
/* Table: t_operator                                               */
/*==============================================================*/
insert t_operator(f_operator_id,f_name,f_login,f_password,f_created_time,f_updated_time,f_inactive) values(1,'张三','sysadmin','sysadmin','2012-9-13 15:00:20','2012-10-13 15:00:20',0);
insert t_operator(f_operator_id,f_name,f_login,f_password,f_created_time,f_updated_time,f_inactive) values(2,'李四','dataadmin','dataadmin','2012-9-13 15:00:21','2012-10-13 15:00:21',0);
insert t_operator(f_operator_id,f_name,f_login,f_password,f_created_time,f_updated_time,f_inactive) values(3,'王五','datasea','datasea','2012-9-13 15:00:22','2012-10-13 15:00:22',0);

/*==============================================================*/
/* Table: tr_operator_role                                               */
/*==============================================================*/
insert tr_operator_role(f_role_operator_id,f_operator_id,f_role_id) values(1,1,1);
insert tr_operator_role(f_role_operator_id,f_operator_id,f_role_id) values(2,2,2);
insert tr_operator_role(f_role_operator_id,f_operator_id,f_role_id) values(3,3,3);
insert tr_operator_role(f_role_operator_id,f_operator_id,f_role_id) values(4,1,2);
insert tr_operator_role(f_role_operator_id,f_operator_id,f_role_id) values(5,1,3);

/*==============================================================*/
/* Table: t_os                                               */
/*==============================================================*/
insert t_os(f_os_id,f_os_name) values(1,'Windows');
insert t_os(f_os_id,f_os_name) values(2,'Linux');
insert t_os(f_os_id,f_os_name) values(3,'Unix');

/*==============================================================*/
/* Table: t_brand                                             */
/*==============================================================*/
insert t_brand(f_brand_id,f_brand_name) values(1,'联想');
insert t_brand(f_brand_id,f_brand_name) values(2,'戴尔');
insert t_brand(f_brand_id,f_brand_name) values(3,'华硕');
insert t_brand(f_brand_id,f_brand_name) values(4,'惠普');
insert t_brand(f_brand_id,f_brand_name) values(5,'索尼');

/*==============================================================*/
/* Table: t_model                                            */
/*==============================================================*/
insert t_model(f_model_id,f_brand_id,f_model_name) values(1,2,'戴尔001');
insert t_model(f_model_id,f_brand_id,f_model_name) values(2,3,'华硕XM');
insert t_model(f_model_id,f_brand_id,f_model_name) values(3,1,'联想Think');
insert t_model(f_model_id,f_brand_id,f_model_name) values(4,4,'惠普EMX');
insert t_model(f_model_id,f_brand_id,f_model_name) values(5,5,'Sony E');

/*==============================================================*/
/* Table: t_level                                              */
/*==============================================================*/
insert t_level(f_level_id,f_level_name) values(1,'一级代理商');
insert t_level(f_level_id,f_level_name) values(2,'二级代理商');
insert t_level(f_level_id,f_level_name) values(3,'三级代理商');

/*==============================================================*/
/* Table: t_area                                               */
/*==============================================================*/
insert t_area(f_area_id,f_code,f_name) values(1,'028','成都');
insert t_area(f_area_id,f_code,f_name) values(2,'027','绵羊');
insert t_area(f_area_id,f_code,f_name) values(3,'029','重庆');
insert t_area(f_area_id,f_code,f_name) values(4,'026','上海');
insert t_area(f_area_id,f_code,f_name) values(5,'030','北京');

/*==============================================================*/
/* Table: t_pay_condition                                              */
/*==============================================================*/
insert t_pay_condition(f_pay_condition_id,f_pay_condition_name,f_remark) values(1,'天数限制','最迟收货后15天');
insert t_pay_condition(f_pay_condition_id,f_pay_condition_name,f_remark) values(2,'付款方式','现金或支票');
insert t_pay_condition(f_pay_condition_id,f_pay_condition_name,f_remark) values(3,'分期付款','每次不少于10%');

/*==============================================================*/
/* Table: t_vendor                                               */
/*==============================================================*/
insert t_vendor(f_vendor_id,f_area_id,f_level_id,f_vendor_name,f_parent_key,f_parent_id,f_created_time,f_updated_time,f_inactive,f_operator_id,f_pay_condition_id) values(1,1,1,'苏宁成都总部','',null,'2012-10-16 15:00:20','2012-10-16 15:00:20',0,1,1);
insert t_vendor(f_vendor_id,f_area_id,f_level_id,f_vendor_name,f_parent_key,f_parent_id,f_created_time,f_updated_time,f_inactive,f_operator_id,f_pay_condition_id) values(2,2,1,'苏宁绵羊总部','',null,'2012-10-16 15:00:20','2012-10-16 15:00:20',0,1,2);
insert t_vendor(f_vendor_id,f_area_id,f_level_id,f_vendor_name,f_parent_key,f_parent_id,f_created_time,f_updated_time,f_inactive,f_operator_id,f_pay_condition_id) values(3,1,2,'苏宁高新区总店','',null,'2012-10-16 15:00:20','2012-10-16 15:00:20',0,1,3);
insert t_vendor(f_vendor_id,f_area_id,f_level_id,f_vendor_name,f_parent_key,f_parent_id,f_created_time,f_updated_time,f_inactive,f_operator_id,f_pay_condition_id) values(4,1,3,'高新区第二分店','',null,'2012-10-16 15:00:20','2012-10-16 15:00:20',0,1,1);
insert t_vendor(f_vendor_id,f_area_id,f_level_id,f_vendor_name,f_parent_key,f_parent_id,f_created_time,f_updated_time,f_inactive,f_operator_id,f_pay_condition_id) values(5,2,2,'绵羊旗舰店','',null,'2012-10-16 15:00:20','2012-10-16 15:00:20',0,1,2);
insert t_vendor(f_vendor_id,f_area_id,f_level_id,f_vendor_name,f_parent_key,f_parent_id,f_created_time,f_updated_time,f_inactive,f_operator_id,f_pay_condition_id) values(6,1,1,'49','',null,'2012-10-16 15:00:20','2012-10-16 15:00:20',0,1,3);
insert t_vendor(f_vendor_id,f_area_id,f_level_id,f_vendor_name,f_parent_key,f_parent_id,f_created_time,f_updated_time,f_inactive,f_operator_id,f_pay_condition_id) values(7,1,1,'50','',null,'2012-10-16 15:00:20','2012-10-16 15:00:20',0,1,1);
insert t_vendor(f_vendor_id,f_area_id,f_level_id,f_vendor_name,f_parent_key,f_parent_id,f_created_time,f_updated_time,f_inactive,f_operator_id,f_pay_condition_id) values(8,1,1,'51','',null,'2012-10-16 15:00:20','2012-10-16 15:00:20',0,1,2);
insert t_vendor(f_vendor_id,f_area_id,f_level_id,f_vendor_name,f_parent_key,f_parent_id,f_created_time,f_updated_time,f_inactive,f_operator_id,f_pay_condition_id) values(9,1,1,'52','',null,'2012-10-16 15:00:20','2012-10-16 15:00:20',0,1,3);
insert t_vendor(f_vendor_id,f_area_id,f_level_id,f_vendor_name,f_parent_key,f_parent_id,f_created_time,f_updated_time,f_inactive,f_operator_id,f_pay_condition_id) values(10,1,1,'53','',null,'2012-10-16 15:00:20','2012-10-16 15:00:20',0,1,1);
insert t_vendor(f_vendor_id,f_area_id,f_level_id,f_vendor_name,f_parent_key,f_parent_id,f_created_time,f_updated_time,f_inactive,f_operator_id,f_pay_condition_id) values(11,1,1,'54','',null,'2012-10-16 15:00:20','2012-10-16 15:00:20',0,1,2);
insert t_vendor(f_vendor_id,f_area_id,f_level_id,f_vendor_name,f_parent_key,f_parent_id,f_created_time,f_updated_time,f_inactive,f_operator_id,f_pay_condition_id) values(12,1,1,'55','',null,'2012-10-16 15:00:20','2012-10-16 15:00:20',0,1,3);
insert t_vendor(f_vendor_id,f_area_id,f_level_id,f_vendor_name,f_parent_key,f_parent_id,f_created_time,f_updated_time,f_inactive,f_operator_id,f_pay_condition_id) values(13,1,1,'56','',null,'2012-10-16 15:00:20','2012-10-16 15:00:20',0,1,1);
insert t_vendor(f_vendor_id,f_area_id,f_level_id,f_vendor_name,f_parent_key,f_parent_id,f_created_time,f_updated_time,f_inactive,f_operator_id,f_pay_condition_id) values(14,1,1,'57','',null,'2012-10-16 15:00:20','2012-10-16 15:00:20',0,1,2);
insert t_vendor(f_vendor_id,f_area_id,f_level_id,f_vendor_name,f_parent_key,f_parent_id,f_created_time,f_updated_time,f_inactive,f_operator_id,f_pay_condition_id) values(15,1,1,'58','',null,'2012-10-16 15:00:20','2012-10-16 15:00:20',0,1,3);
insert t_vendor(f_vendor_id,f_area_id,f_level_id,f_vendor_name,f_parent_key,f_parent_id,f_created_time,f_updated_time,f_inactive,f_operator_id,f_pay_condition_id) values(16,1,1,'59','',null,'2012-10-16 15:00:20','2012-10-16 15:00:20',0,1,1);
insert t_vendor(f_vendor_id,f_area_id,f_level_id,f_vendor_name,f_parent_key,f_parent_id,f_created_time,f_updated_time,f_inactive,f_operator_id,f_pay_condition_id) values(17,1,1,'60','',null,'2012-10-16 15:00:20','2012-10-16 15:00:20',0,1,2);
insert t_vendor(f_vendor_id,f_area_id,f_level_id,f_vendor_name,f_parent_key,f_parent_id,f_created_time,f_updated_time,f_inactive,f_operator_id,f_pay_condition_id) values(18,1,1,'61','',null,'2012-10-16 15:00:20','2012-10-16 15:00:20',0,1,3);
insert t_vendor(f_vendor_id,f_area_id,f_level_id,f_vendor_name,f_parent_key,f_parent_id,f_created_time,f_updated_time,f_inactive,f_operator_id,f_pay_condition_id) values(19,1,1,'62','',null,'2012-10-16 15:00:20','2012-10-16 15:00:20',0,1,1);
insert t_vendor(f_vendor_id,f_area_id,f_level_id,f_vendor_name,f_parent_key,f_parent_id,f_created_time,f_updated_time,f_inactive,f_operator_id,f_pay_condition_id) values(20,1,1,'63','',null,'2012-10-16 15:00:20','2012-10-16 15:00:20',0,1,2);
insert t_vendor(f_vendor_id,f_area_id,f_level_id,f_vendor_name,f_parent_key,f_parent_id,f_created_time,f_updated_time,f_inactive,f_operator_id,f_pay_condition_id) values(21,1,1,'64','',null,'2012-10-16 15:00:20','2012-10-16 15:00:20',0,1,3);
insert t_vendor(f_vendor_id,f_area_id,f_level_id,f_vendor_name,f_parent_key,f_parent_id,f_created_time,f_updated_time,f_inactive,f_operator_id,f_pay_condition_id) values(22,1,1,'65','',null,'2012-10-16 15:00:20','2012-10-16 15:00:20',0,1,1);
insert t_vendor(f_vendor_id,f_area_id,f_level_id,f_vendor_name,f_parent_key,f_parent_id,f_created_time,f_updated_time,f_inactive,f_operator_id,f_pay_condition_id) values(23,1,1,'66','',null,'2012-10-16 15:00:20','2012-10-16 15:00:20',0,1,2);
insert t_vendor(f_vendor_id,f_area_id,f_level_id,f_vendor_name,f_parent_key,f_parent_id,f_created_time,f_updated_time,f_inactive,f_operator_id,f_pay_condition_id) values(24,1,1,'67','',null,'2012-10-16 15:00:20','2012-10-16 15:00:20',0,1,3);
insert t_vendor(f_vendor_id,f_area_id,f_level_id,f_vendor_name,f_parent_key,f_parent_id,f_created_time,f_updated_time,f_inactive,f_operator_id,f_pay_condition_id) values(25,1,1,'68','',null,'2012-10-16 15:00:20','2012-10-16 15:00:20',0,1,1);
insert t_vendor(f_vendor_id,f_area_id,f_level_id,f_vendor_name,f_parent_key,f_parent_id,f_created_time,f_updated_time,f_inactive,f_operator_id,f_pay_condition_id) values(26,1,1,'69','',null,'2012-10-16 15:00:20','2012-10-16 15:00:20',0,1,2);
insert t_vendor(f_vendor_id,f_area_id,f_level_id,f_vendor_name,f_parent_key,f_parent_id,f_created_time,f_updated_time,f_inactive,f_operator_id,f_pay_condition_id) values(27,1,1,'70','',null,'2012-10-16 15:00:20','2012-10-16 15:00:20',0,1,3);
insert t_vendor(f_vendor_id,f_area_id,f_level_id,f_vendor_name,f_parent_key,f_parent_id,f_created_time,f_updated_time,f_inactive,f_operator_id,f_pay_condition_id) values(28,1,1,'71','',null,'2012-10-16 15:00:20','2012-10-16 15:00:20',0,1,1);
insert t_vendor(f_vendor_id,f_area_id,f_level_id,f_vendor_name,f_parent_key,f_parent_id,f_created_time,f_updated_time,f_inactive,f_operator_id,f_pay_condition_id) values(29,1,1,'72','',null,'2012-10-16 15:00:20','2012-10-16 15:00:20',0,1,2);
insert t_vendor(f_vendor_id,f_area_id,f_level_id,f_vendor_name,f_parent_key,f_parent_id,f_created_time,f_updated_time,f_inactive,f_operator_id,f_pay_condition_id) values(30,1,1,'73','',null,'2012-10-16 15:00:20','2012-10-16 15:00:20',0,1,3);
insert t_vendor(f_vendor_id,f_area_id,f_level_id,f_vendor_name,f_parent_key,f_parent_id,f_created_time,f_updated_time,f_inactive,f_operator_id,f_pay_condition_id) values(31,1,1,'74','',null,'2012-10-16 15:00:20','2012-10-16 15:00:20',0,1,1);
insert t_vendor(f_vendor_id,f_area_id,f_level_id,f_vendor_name,f_parent_key,f_parent_id,f_created_time,f_updated_time,f_inactive,f_operator_id,f_pay_condition_id) values(32,1,1,'75','',null,'2012-10-16 15:00:20','2012-10-16 15:00:20',0,1,2);
insert t_vendor(f_vendor_id,f_area_id,f_level_id,f_vendor_name,f_parent_key,f_parent_id,f_created_time,f_updated_time,f_inactive,f_operator_id,f_pay_condition_id) values(33,1,1,'76','',null,'2012-10-16 15:00:20','2012-10-16 15:00:20',0,1,3);
insert t_vendor(f_vendor_id,f_area_id,f_level_id,f_vendor_name,f_parent_key,f_parent_id,f_created_time,f_updated_time,f_inactive,f_operator_id,f_pay_condition_id) values(34,1,1,'77','',null,'2012-10-16 15:00:20','2012-10-16 15:00:20',0,1,1);
insert t_vendor(f_vendor_id,f_area_id,f_level_id,f_vendor_name,f_parent_key,f_parent_id,f_created_time,f_updated_time,f_inactive,f_operator_id,f_pay_condition_id) values(35,1,1,'78','',null,'2012-10-16 15:00:20','2012-10-16 15:00:20',0,1,2);
insert t_vendor(f_vendor_id,f_area_id,f_level_id,f_vendor_name,f_parent_key,f_parent_id,f_created_time,f_updated_time,f_inactive,f_operator_id,f_pay_condition_id) values(36,1,1,'79','',null,'2012-10-16 15:00:20','2012-10-16 15:00:20',0,1,3);
insert t_vendor(f_vendor_id,f_area_id,f_level_id,f_vendor_name,f_parent_key,f_parent_id,f_created_time,f_updated_time,f_inactive,f_operator_id,f_pay_condition_id) values(37,1,1,'80','',null,'2012-10-16 15:00:20','2012-10-16 15:00:20',0,1,1);
insert t_vendor(f_vendor_id,f_area_id,f_level_id,f_vendor_name,f_parent_key,f_parent_id,f_created_time,f_updated_time,f_inactive,f_operator_id,f_pay_condition_id) values(38,2,2,'81','',null,'2012-10-16 15:00:20','2012-10-16 15:00:20',0,1,2);
insert t_vendor(f_vendor_id,f_area_id,f_level_id,f_vendor_name,f_parent_key,f_parent_id,f_created_time,f_updated_time,f_inactive,f_operator_id,f_pay_condition_id) values(39,1,3,'82','',null,'2012-10-16 15:00:20','2012-10-16 15:00:20',0,1,3);
insert t_vendor(f_vendor_id,f_area_id,f_level_id,f_vendor_name,f_parent_key,f_parent_id,f_created_time,f_updated_time,f_inactive,f_operator_id,f_pay_condition_id) values(40,2,1,'83','',null,'2012-10-16 15:00:20','2012-10-16 15:00:20',0,1,1);
insert t_vendor(f_vendor_id,f_area_id,f_level_id,f_vendor_name,f_parent_key,f_parent_id,f_created_time,f_updated_time,f_inactive,f_operator_id,f_pay_condition_id) values(41,1,2,'84','',null,'2012-10-16 15:00:20','2012-10-16 15:00:20',0,1,2);
insert t_vendor(f_vendor_id,f_area_id,f_level_id,f_vendor_name,f_parent_key,f_parent_id,f_created_time,f_updated_time,f_inactive,f_operator_id,f_pay_condition_id) values(42,2,3,'85','',null,'2012-10-16 15:00:20','2012-10-16 15:00:20',0,1,3);
insert t_vendor(f_vendor_id,f_area_id,f_level_id,f_vendor_name,f_parent_key,f_parent_id,f_created_time,f_updated_time,f_inactive,f_operator_id,f_pay_condition_id) values(43,1,1,'86','',null,'2012-10-16 15:00:20','2012-10-16 15:00:20',0,1,1);
insert t_vendor(f_vendor_id,f_area_id,f_level_id,f_vendor_name,f_parent_key,f_parent_id,f_created_time,f_updated_time,f_inactive,f_operator_id,f_pay_condition_id) values(44,2,2,'87','',null,'2012-10-16 15:00:20','2012-10-16 15:00:20',0,1,2);
insert t_vendor(f_vendor_id,f_area_id,f_level_id,f_vendor_name,f_parent_key,f_parent_id,f_created_time,f_updated_time,f_inactive,f_operator_id,f_pay_condition_id) values(45,1,3,'88','',null,'2012-10-16 15:00:20','2012-10-16 15:00:20',0,1,3);
insert t_vendor(f_vendor_id,f_area_id,f_level_id,f_vendor_name,f_parent_key,f_parent_id,f_created_time,f_updated_time,f_inactive,f_operator_id,f_pay_condition_id) values(46,2,1,'89','',null,'2012-10-16 15:00:20','2012-10-16 15:00:20',0,1,1);
insert t_vendor(f_vendor_id,f_area_id,f_level_id,f_vendor_name,f_parent_key,f_parent_id,f_created_time,f_updated_time,f_inactive,f_operator_id,f_pay_condition_id) values(47,1,2,'90','',null,'2012-10-16 15:00:20','2012-10-16 15:00:20',0,1,2);
insert t_vendor(f_vendor_id,f_area_id,f_level_id,f_vendor_name,f_parent_key,f_parent_id,f_created_time,f_updated_time,f_inactive,f_operator_id,f_pay_condition_id) values(48,2,3,'91','',null,'2012-10-16 15:00:20','2012-10-16 15:00:20',0,1,3);
insert t_vendor(f_vendor_id,f_area_id,f_level_id,f_vendor_name,f_parent_key,f_parent_id,f_created_time,f_updated_time,f_inactive,f_operator_id,f_pay_condition_id) values(49,1,1,'92','',null,'2012-10-16 15:00:20','2012-10-16 15:00:20',0,1,1);
insert t_vendor(f_vendor_id,f_area_id,f_level_id,f_vendor_name,f_parent_key,f_parent_id,f_created_time,f_updated_time,f_inactive,f_operator_id,f_pay_condition_id) values(50,2,2,'93','',null,'2012-10-16 15:00:20','2012-10-16 15:00:20',0,1,2);
insert t_vendor(f_vendor_id,f_area_id,f_level_id,f_vendor_name,f_parent_key,f_parent_id,f_created_time,f_updated_time,f_inactive,f_operator_id,f_pay_condition_id) values(51,1,3,'94','',null,'2012-10-16 15:00:20','2012-10-16 15:00:20',0,1,3);
insert t_vendor(f_vendor_id,f_area_id,f_level_id,f_vendor_name,f_parent_key,f_parent_id,f_created_time,f_updated_time,f_inactive,f_operator_id,f_pay_condition_id) values(52,2,1,'95','',null,'2012-10-16 15:00:20','2012-10-16 15:00:20',0,1,1);
insert t_vendor(f_vendor_id,f_area_id,f_level_id,f_vendor_name,f_parent_key,f_parent_id,f_created_time,f_updated_time,f_inactive,f_operator_id,f_pay_condition_id) values(53,1,2,'96','',null,'2012-10-16 15:00:20','2012-10-16 15:00:20',0,1,2);
insert t_vendor(f_vendor_id,f_area_id,f_level_id,f_vendor_name,f_parent_key,f_parent_id,f_created_time,f_updated_time,f_inactive,f_operator_id,f_pay_condition_id) values(54,2,3,'97','',null,'2012-10-16 15:00:20','2012-10-16 15:00:20',0,1,3);
insert t_vendor(f_vendor_id,f_area_id,f_level_id,f_vendor_name,f_parent_key,f_parent_id,f_created_time,f_updated_time,f_inactive,f_operator_id,f_pay_condition_id) values(55,1,1,'98','',null,'2012-10-16 15:00:20','2012-10-16 15:00:20',0,1,1);
insert t_vendor(f_vendor_id,f_area_id,f_level_id,f_vendor_name,f_parent_key,f_parent_id,f_created_time,f_updated_time,f_inactive,f_operator_id,f_pay_condition_id) values(56,2,2,'99','',null,'2012-10-16 15:00:20','2012-10-16 15:00:20',0,1,2);
insert t_vendor(f_vendor_id,f_area_id,f_level_id,f_vendor_name,f_parent_key,f_parent_id,f_created_time,f_updated_time,f_inactive,f_operator_id,f_pay_condition_id) values(57,1,3,'100','',null,'2012-10-16 15:00:20','2012-10-16 15:00:20',0,1,3);
insert t_vendor(f_vendor_id,f_area_id,f_level_id,f_vendor_name,f_parent_key,f_parent_id,f_created_time,f_updated_time,f_inactive,f_operator_id,f_pay_condition_id) values(58,2,1,'101','',null,'2012-10-16 15:00:20','2012-10-16 15:00:20',0,1,1);
insert t_vendor(f_vendor_id,f_area_id,f_level_id,f_vendor_name,f_parent_key,f_parent_id,f_created_time,f_updated_time,f_inactive,f_operator_id,f_pay_condition_id) values(59,1,2,'102','',null,'2012-10-16 15:00:20','2012-10-16 15:00:20',0,1,2);
insert t_vendor(f_vendor_id,f_area_id,f_level_id,f_vendor_name,f_parent_key,f_parent_id,f_created_time,f_updated_time,f_inactive,f_operator_id,f_pay_condition_id) values(60,2,3,'103','',null,'2012-10-16 15:00:20','2012-10-16 15:00:20',0,1,3);
insert t_vendor(f_vendor_id,f_area_id,f_level_id,f_vendor_name,f_parent_key,f_parent_id,f_created_time,f_updated_time,f_inactive,f_operator_id,f_pay_condition_id) values(61,1,1,'104','',null,'2012-10-16 15:00:20','2012-10-16 15:00:20',0,1,1);
insert t_vendor(f_vendor_id,f_area_id,f_level_id,f_vendor_name,f_parent_key,f_parent_id,f_created_time,f_updated_time,f_inactive,f_operator_id,f_pay_condition_id) values(62,2,2,'105','',null,'2012-10-16 15:00:20','2012-10-16 15:00:20',0,1,2);
insert t_vendor(f_vendor_id,f_area_id,f_level_id,f_vendor_name,f_parent_key,f_parent_id,f_created_time,f_updated_time,f_inactive,f_operator_id,f_pay_condition_id) values(63,1,3,'106','',null,'2012-10-16 15:00:20','2012-10-16 15:00:20',0,1,3);
insert t_vendor(f_vendor_id,f_area_id,f_level_id,f_vendor_name,f_parent_key,f_parent_id,f_created_time,f_updated_time,f_inactive,f_operator_id,f_pay_condition_id) values(64,2,1,'107','',null,'2012-10-16 15:00:20','2012-10-16 15:00:20',0,1,1);
insert t_vendor(f_vendor_id,f_area_id,f_level_id,f_vendor_name,f_parent_key,f_parent_id,f_created_time,f_updated_time,f_inactive,f_operator_id,f_pay_condition_id) values(65,1,2,'108','',null,'2012-10-16 15:00:20','2012-10-16 15:00:20',0,1,2);
insert t_vendor(f_vendor_id,f_area_id,f_level_id,f_vendor_name,f_parent_key,f_parent_id,f_created_time,f_updated_time,f_inactive,f_operator_id,f_pay_condition_id) values(66,2,3,'109','',null,'2012-10-16 15:00:20','2012-10-16 15:00:20',0,1,3);
insert t_vendor(f_vendor_id,f_area_id,f_level_id,f_vendor_name,f_parent_key,f_parent_id,f_created_time,f_updated_time,f_inactive,f_operator_id,f_pay_condition_id) values(67,1,1,'110','',null,'2012-10-16 15:00:20','2012-10-16 15:00:20',0,1,1);
insert t_vendor(f_vendor_id,f_area_id,f_level_id,f_vendor_name,f_parent_key,f_parent_id,f_created_time,f_updated_time,f_inactive,f_operator_id,f_pay_condition_id) values(68,2,2,'111','',null,'2012-10-16 15:00:20','2012-10-16 15:00:20',0,1,2);
insert t_vendor(f_vendor_id,f_area_id,f_level_id,f_vendor_name,f_parent_key,f_parent_id,f_created_time,f_updated_time,f_inactive,f_operator_id,f_pay_condition_id) values(69,1,3,'112','',null,'2012-10-16 15:00:20','2012-10-16 15:00:20',0,1,3);
insert t_vendor(f_vendor_id,f_area_id,f_level_id,f_vendor_name,f_parent_key,f_parent_id,f_created_time,f_updated_time,f_inactive,f_operator_id,f_pay_condition_id) values(70,2,1,'113','',null,'2012-10-16 15:00:20','2012-10-16 15:00:20',0,1,1);
insert t_vendor(f_vendor_id,f_area_id,f_level_id,f_vendor_name,f_parent_key,f_parent_id,f_created_time,f_updated_time,f_inactive,f_operator_id,f_pay_condition_id) values(71,1,2,'114','',null,'2012-10-16 15:00:20','2012-10-16 15:00:20',0,1,2);
insert t_vendor(f_vendor_id,f_area_id,f_level_id,f_vendor_name,f_parent_key,f_parent_id,f_created_time,f_updated_time,f_inactive,f_operator_id,f_pay_condition_id) values(72,2,3,'115','',null,'2012-10-16 15:00:20','2012-10-16 15:00:20',0,1,3);
insert t_vendor(f_vendor_id,f_area_id,f_level_id,f_vendor_name,f_parent_key,f_parent_id,f_created_time,f_updated_time,f_inactive,f_operator_id,f_pay_condition_id) values(73,1,1,'116','',null,'2012-10-16 15:00:20','2012-10-16 15:00:20',0,1,1);
insert t_vendor(f_vendor_id,f_area_id,f_level_id,f_vendor_name,f_parent_key,f_parent_id,f_created_time,f_updated_time,f_inactive,f_operator_id,f_pay_condition_id) values(74,2,2,'117','',null,'2012-10-16 15:00:20','2012-10-16 15:00:20',0,1,2);
insert t_vendor(f_vendor_id,f_area_id,f_level_id,f_vendor_name,f_parent_key,f_parent_id,f_created_time,f_updated_time,f_inactive,f_operator_id,f_pay_condition_id) values(75,1,3,'118','',null,'2012-10-16 15:00:20','2012-10-16 15:00:20',0,1,3);
insert t_vendor(f_vendor_id,f_area_id,f_level_id,f_vendor_name,f_parent_key,f_parent_id,f_created_time,f_updated_time,f_inactive,f_operator_id,f_pay_condition_id) values(76,2,1,'119','',null,'2012-10-16 15:00:20','2012-10-16 15:00:20',0,1,1);
insert t_vendor(f_vendor_id,f_area_id,f_level_id,f_vendor_name,f_parent_key,f_parent_id,f_created_time,f_updated_time,f_inactive,f_operator_id,f_pay_condition_id) values(77,1,2,'120','',null,'2012-10-16 15:00:20','2012-10-16 15:00:20',0,1,2);
insert t_vendor(f_vendor_id,f_area_id,f_level_id,f_vendor_name,f_parent_key,f_parent_id,f_created_time,f_updated_time,f_inactive,f_operator_id,f_pay_condition_id) values(78,2,3,'121','',null,'2012-10-16 15:00:20','2012-10-16 15:00:20',0,1,3);
insert t_vendor(f_vendor_id,f_area_id,f_level_id,f_vendor_name,f_parent_key,f_parent_id,f_created_time,f_updated_time,f_inactive,f_operator_id,f_pay_condition_id) values(79,1,1,'122','',null,'2012-10-16 15:00:20','2012-10-16 15:00:20',0,1,1);
insert t_vendor(f_vendor_id,f_area_id,f_level_id,f_vendor_name,f_parent_key,f_parent_id,f_created_time,f_updated_time,f_inactive,f_operator_id,f_pay_condition_id) values(80,2,2,'123','',null,'2012-10-16 15:00:20','2012-10-16 15:00:20',0,1,2);
insert t_vendor(f_vendor_id,f_area_id,f_level_id,f_vendor_name,f_parent_key,f_parent_id,f_created_time,f_updated_time,f_inactive,f_operator_id,f_pay_condition_id) values(81,1,3,'124','',null,'2012-10-16 15:00:20','2012-10-16 15:00:20',0,1,3);
insert t_vendor(f_vendor_id,f_area_id,f_level_id,f_vendor_name,f_parent_key,f_parent_id,f_created_time,f_updated_time,f_inactive,f_operator_id,f_pay_condition_id) values(82,2,1,'125','',null,'2012-10-16 15:00:20','2012-10-16 15:00:20',0,1,1);
insert t_vendor(f_vendor_id,f_area_id,f_level_id,f_vendor_name,f_parent_key,f_parent_id,f_created_time,f_updated_time,f_inactive,f_operator_id,f_pay_condition_id) values(83,1,2,'126','',null,'2012-10-16 15:00:20','2012-10-16 15:00:20',0,1,2);
insert t_vendor(f_vendor_id,f_area_id,f_level_id,f_vendor_name,f_parent_key,f_parent_id,f_created_time,f_updated_time,f_inactive,f_operator_id,f_pay_condition_id) values(84,2,3,'127','',null,'2012-10-16 15:00:20','2012-10-16 15:00:20',0,1,3);
insert t_vendor(f_vendor_id,f_area_id,f_level_id,f_vendor_name,f_parent_key,f_parent_id,f_created_time,f_updated_time,f_inactive,f_operator_id,f_pay_condition_id) values(85,1,1,'128','',null,'2012-10-16 15:00:20','2012-10-16 15:00:20',0,1,1);
insert t_vendor(f_vendor_id,f_area_id,f_level_id,f_vendor_name,f_parent_key,f_parent_id,f_created_time,f_updated_time,f_inactive,f_operator_id,f_pay_condition_id) values(86,2,2,'129','',null,'2012-10-16 15:00:20','2012-10-16 15:00:20',0,1,2);
insert t_vendor(f_vendor_id,f_area_id,f_level_id,f_vendor_name,f_parent_key,f_parent_id,f_created_time,f_updated_time,f_inactive,f_operator_id,f_pay_condition_id) values(87,1,3,'130','',null,'2012-10-16 15:00:20','2012-10-16 15:00:20',0,1,3);
insert t_vendor(f_vendor_id,f_area_id,f_level_id,f_vendor_name,f_parent_key,f_parent_id,f_created_time,f_updated_time,f_inactive,f_operator_id,f_pay_condition_id) values(88,2,1,'131','',null,'2012-10-16 15:00:20','2012-10-16 15:00:20',0,1,1);
insert t_vendor(f_vendor_id,f_area_id,f_level_id,f_vendor_name,f_parent_key,f_parent_id,f_created_time,f_updated_time,f_inactive,f_operator_id,f_pay_condition_id) values(89,1,2,'132','',null,'2012-10-16 15:00:20','2012-10-16 15:00:20',0,1,2);
insert t_vendor(f_vendor_id,f_area_id,f_level_id,f_vendor_name,f_parent_key,f_parent_id,f_created_time,f_updated_time,f_inactive,f_operator_id,f_pay_condition_id) values(90,2,3,'133','',null,'2012-10-16 15:00:20','2012-10-16 15:00:20',0,1,3);
insert t_vendor(f_vendor_id,f_area_id,f_level_id,f_vendor_name,f_parent_key,f_parent_id,f_created_time,f_updated_time,f_inactive,f_operator_id,f_pay_condition_id) values(91,1,1,'134','',null,'2012-10-16 15:00:20','2012-10-16 15:00:20',0,1,1);
insert t_vendor(f_vendor_id,f_area_id,f_level_id,f_vendor_name,f_parent_key,f_parent_id,f_created_time,f_updated_time,f_inactive,f_operator_id,f_pay_condition_id) values(92,2,2,'135','',null,'2012-10-16 15:00:20','2012-10-16 15:00:20',0,1,2);
insert t_vendor(f_vendor_id,f_area_id,f_level_id,f_vendor_name,f_parent_key,f_parent_id,f_created_time,f_updated_time,f_inactive,f_operator_id,f_pay_condition_id) values(93,1,3,'136','',null,'2012-10-16 15:00:20','2012-10-16 15:00:20',0,1,3);
insert t_vendor(f_vendor_id,f_area_id,f_level_id,f_vendor_name,f_parent_key,f_parent_id,f_created_time,f_updated_time,f_inactive,f_operator_id,f_pay_condition_id) values(94,2,1,'137','',null,'2012-10-16 15:00:20','2012-10-16 15:00:20',0,1,1);
insert t_vendor(f_vendor_id,f_area_id,f_level_id,f_vendor_name,f_parent_key,f_parent_id,f_created_time,f_updated_time,f_inactive,f_operator_id,f_pay_condition_id) values(95,1,2,'138','',null,'2012-10-16 15:00:20','2012-10-16 15:00:20',0,1,2);
insert t_vendor(f_vendor_id,f_area_id,f_level_id,f_vendor_name,f_parent_key,f_parent_id,f_created_time,f_updated_time,f_inactive,f_operator_id,f_pay_condition_id) values(96,2,3,'139','',null,'2012-10-16 15:00:20','2012-10-16 15:00:20',0,1,3);
insert t_vendor(f_vendor_id,f_area_id,f_level_id,f_vendor_name,f_parent_key,f_parent_id,f_created_time,f_updated_time,f_inactive,f_operator_id,f_pay_condition_id) values(97,1,1,'140','',null,'2012-10-16 15:00:20','2012-10-16 15:00:20',0,1,1);
insert t_vendor(f_vendor_id,f_area_id,f_level_id,f_vendor_name,f_parent_key,f_parent_id,f_created_time,f_updated_time,f_inactive,f_operator_id,f_pay_condition_id) values(98,2,2,'141','',null,'2012-10-16 15:00:20','2012-10-16 15:00:20',0,1,2);
insert t_vendor(f_vendor_id,f_area_id,f_level_id,f_vendor_name,f_parent_key,f_parent_id,f_created_time,f_updated_time,f_inactive,f_operator_id,f_pay_condition_id) values(99,1,3,'142','',null,'2012-10-16 15:00:20','2012-10-16 15:00:20',0,1,3);
insert t_vendor(f_vendor_id,f_area_id,f_level_id,f_vendor_name,f_parent_key,f_parent_id,f_created_time,f_updated_time,f_inactive,f_operator_id,f_pay_condition_id) values(100,2,1,'143','',null,'2012-10-16 15:00:20','2012-10-16 15:00:20',0,1,1);
insert t_vendor(f_vendor_id,f_area_id,f_level_id,f_vendor_name,f_parent_key,f_parent_id,f_created_time,f_updated_time,f_inactive,f_operator_id,f_pay_condition_id) values(101,1,2,'144','',null,'2012-10-16 15:00:20','2012-10-16 15:00:20',0,1,2);
insert t_vendor(f_vendor_id,f_area_id,f_level_id,f_vendor_name,f_parent_key,f_parent_id,f_created_time,f_updated_time,f_inactive,f_operator_id,f_pay_condition_id) values(102,2,3,'145','',null,'2012-10-16 15:00:20','2012-10-16 15:00:20',0,1,3);
insert t_vendor(f_vendor_id,f_area_id,f_level_id,f_vendor_name,f_parent_key,f_parent_id,f_created_time,f_updated_time,f_inactive,f_operator_id,f_pay_condition_id) values(103,1,1,'146','',null,'2012-10-16 15:00:20','2012-10-16 15:00:20',0,1,1);
insert t_vendor(f_vendor_id,f_area_id,f_level_id,f_vendor_name,f_parent_key,f_parent_id,f_created_time,f_updated_time,f_inactive,f_operator_id,f_pay_condition_id) values(104,2,2,'147','',null,'2012-10-16 15:00:20','2012-10-16 15:00:20',0,1,2);
insert t_vendor(f_vendor_id,f_area_id,f_level_id,f_vendor_name,f_parent_key,f_parent_id,f_created_time,f_updated_time,f_inactive,f_operator_id,f_pay_condition_id) values(105,1,3,'148','',null,'2012-10-16 15:00:20','2012-10-16 15:00:20',0,1,3);
insert t_vendor(f_vendor_id,f_area_id,f_level_id,f_vendor_name,f_parent_key,f_parent_id,f_created_time,f_updated_time,f_inactive,f_operator_id,f_pay_condition_id) values(106,2,1,'149','',null,'2012-10-16 15:00:20','2012-10-16 15:00:20',0,1,1);
insert t_vendor(f_vendor_id,f_area_id,f_level_id,f_vendor_name,f_parent_key,f_parent_id,f_created_time,f_updated_time,f_inactive,f_operator_id,f_pay_condition_id) values(107,1,2,'150','',null,'2012-10-16 15:00:20','2012-10-16 15:00:20',0,1,2);
insert t_vendor(f_vendor_id,f_area_id,f_level_id,f_vendor_name,f_parent_key,f_parent_id,f_created_time,f_updated_time,f_inactive,f_operator_id,f_pay_condition_id) values(108,2,3,'151','',null,'2012-10-16 15:00:20','2012-10-16 15:00:20',0,1,3);
insert t_vendor(f_vendor_id,f_area_id,f_level_id,f_vendor_name,f_parent_key,f_parent_id,f_created_time,f_updated_time,f_inactive,f_operator_id,f_pay_condition_id) values(109,1,1,'152','',null,'2012-10-16 15:00:20','2012-10-16 15:00:20',0,1,1);
insert t_vendor(f_vendor_id,f_area_id,f_level_id,f_vendor_name,f_parent_key,f_parent_id,f_created_time,f_updated_time,f_inactive,f_operator_id,f_pay_condition_id) values(110,2,2,'153','',null,'2012-10-16 15:00:20','2012-10-16 15:00:20',0,1,2);
insert t_vendor(f_vendor_id,f_area_id,f_level_id,f_vendor_name,f_parent_key,f_parent_id,f_created_time,f_updated_time,f_inactive,f_operator_id,f_pay_condition_id) values(111,1,3,'154','',null,'2012-10-16 15:00:20','2012-10-16 15:00:20',0,1,3);
insert t_vendor(f_vendor_id,f_area_id,f_level_id,f_vendor_name,f_parent_key,f_parent_id,f_created_time,f_updated_time,f_inactive,f_operator_id,f_pay_condition_id) values(112,2,1,'155','',null,'2012-10-16 15:00:20','2012-10-16 15:00:20',0,1,1);
insert t_vendor(f_vendor_id,f_area_id,f_level_id,f_vendor_name,f_parent_key,f_parent_id,f_created_time,f_updated_time,f_inactive,f_operator_id,f_pay_condition_id) values(113,1,2,'156','',null,'2012-10-16 15:00:20','2012-10-16 15:00:20',0,1,2);
insert t_vendor(f_vendor_id,f_area_id,f_level_id,f_vendor_name,f_parent_key,f_parent_id,f_created_time,f_updated_time,f_inactive,f_operator_id,f_pay_condition_id) values(114,2,3,'157','',null,'2012-10-16 15:00:20','2012-10-16 15:00:20',0,1,3);
insert t_vendor(f_vendor_id,f_area_id,f_level_id,f_vendor_name,f_parent_key,f_parent_id,f_created_time,f_updated_time,f_inactive,f_operator_id,f_pay_condition_id) values(115,1,1,'158','',null,'2012-10-16 15:00:20','2012-10-16 15:00:20',0,1,1);
insert t_vendor(f_vendor_id,f_area_id,f_level_id,f_vendor_name,f_parent_key,f_parent_id,f_created_time,f_updated_time,f_inactive,f_operator_id,f_pay_condition_id) values(116,2,2,'159','',null,'2012-10-16 15:00:20','2012-10-16 15:00:20',0,1,2);
insert t_vendor(f_vendor_id,f_area_id,f_level_id,f_vendor_name,f_parent_key,f_parent_id,f_created_time,f_updated_time,f_inactive,f_operator_id,f_pay_condition_id) values(117,1,3,'160','',null,'2012-10-16 15:00:20','2012-10-16 15:00:20',0,1,3);
insert t_vendor(f_vendor_id,f_area_id,f_level_id,f_vendor_name,f_parent_key,f_parent_id,f_created_time,f_updated_time,f_inactive,f_operator_id,f_pay_condition_id) values(118,2,1,'161','',null,'2012-10-16 15:00:20','2012-10-16 15:00:20',0,1,1);
insert t_vendor(f_vendor_id,f_area_id,f_level_id,f_vendor_name,f_parent_key,f_parent_id,f_created_time,f_updated_time,f_inactive,f_operator_id,f_pay_condition_id) values(119,1,2,'162','',null,'2012-10-16 15:00:20','2012-10-16 15:00:20',0,1,2);
insert t_vendor(f_vendor_id,f_area_id,f_level_id,f_vendor_name,f_parent_key,f_parent_id,f_created_time,f_updated_time,f_inactive,f_operator_id,f_pay_condition_id) values(120,2,3,'163','',null,'2012-10-16 15:00:20','2012-10-16 15:00:20',0,1,3);
insert t_vendor(f_vendor_id,f_area_id,f_level_id,f_vendor_name,f_parent_key,f_parent_id,f_created_time,f_updated_time,f_inactive,f_operator_id,f_pay_condition_id) values(121,1,1,'164','',null,'2012-10-16 15:00:20','2012-10-16 15:00:20',0,1,1);
insert t_vendor(f_vendor_id,f_area_id,f_level_id,f_vendor_name,f_parent_key,f_parent_id,f_created_time,f_updated_time,f_inactive,f_operator_id,f_pay_condition_id) values(122,2,2,'165','',null,'2012-10-16 15:00:20','2012-10-16 15:00:20',0,1,2);
insert t_vendor(f_vendor_id,f_area_id,f_level_id,f_vendor_name,f_parent_key,f_parent_id,f_created_time,f_updated_time,f_inactive,f_operator_id,f_pay_condition_id) values(123,1,3,'166','',null,'2012-10-16 15:00:20','2012-10-16 15:00:20',0,1,3);
insert t_vendor(f_vendor_id,f_area_id,f_level_id,f_vendor_name,f_parent_key,f_parent_id,f_created_time,f_updated_time,f_inactive,f_operator_id,f_pay_condition_id) values(124,2,1,'167','',null,'2012-10-16 15:00:20','2012-10-16 15:00:20',0,1,1);
insert t_vendor(f_vendor_id,f_area_id,f_level_id,f_vendor_name,f_parent_key,f_parent_id,f_created_time,f_updated_time,f_inactive,f_operator_id,f_pay_condition_id) values(125,1,2,'168','',null,'2012-10-16 15:00:20','2012-10-16 15:00:20',0,1,2);
insert t_vendor(f_vendor_id,f_area_id,f_level_id,f_vendor_name,f_parent_key,f_parent_id,f_created_time,f_updated_time,f_inactive,f_operator_id,f_pay_condition_id) values(126,2,3,'169','',null,'2012-10-16 15:00:20','2012-10-16 15:00:20',0,1,3);
insert t_vendor(f_vendor_id,f_area_id,f_level_id,f_vendor_name,f_parent_key,f_parent_id,f_created_time,f_updated_time,f_inactive,f_operator_id,f_pay_condition_id) values(127,1,1,'170','',null,'2012-10-16 15:00:20','2012-10-16 15:00:20',0,1,1);
insert t_vendor(f_vendor_id,f_area_id,f_level_id,f_vendor_name,f_parent_key,f_parent_id,f_created_time,f_updated_time,f_inactive,f_operator_id,f_pay_condition_id) values(128,2,2,'171','',null,'2012-10-16 15:00:20','2012-10-16 15:00:20',0,1,2);
insert t_vendor(f_vendor_id,f_area_id,f_level_id,f_vendor_name,f_parent_key,f_parent_id,f_created_time,f_updated_time,f_inactive,f_operator_id,f_pay_condition_id) values(129,1,3,'172','',null,'2012-10-16 15:00:20','2012-10-16 15:00:20',0,1,3);
insert t_vendor(f_vendor_id,f_area_id,f_level_id,f_vendor_name,f_parent_key,f_parent_id,f_created_time,f_updated_time,f_inactive,f_operator_id,f_pay_condition_id) values(130,2,1,'173','',null,'2012-10-16 15:00:20','2012-10-16 15:00:20',0,1,1);
insert t_vendor(f_vendor_id,f_area_id,f_level_id,f_vendor_name,f_parent_key,f_parent_id,f_created_time,f_updated_time,f_inactive,f_operator_id,f_pay_condition_id) values(131,1,2,'174','',null,'2012-10-16 15:00:20','2012-10-16 15:00:20',0,1,2);
insert t_vendor(f_vendor_id,f_area_id,f_level_id,f_vendor_name,f_parent_key,f_parent_id,f_created_time,f_updated_time,f_inactive,f_operator_id,f_pay_condition_id) values(132,2,3,'175','',null,'2012-10-16 15:00:20','2012-10-16 15:00:20',0,1,3);
insert t_vendor(f_vendor_id,f_area_id,f_level_id,f_vendor_name,f_parent_key,f_parent_id,f_created_time,f_updated_time,f_inactive,f_operator_id,f_pay_condition_id) values(133,1,1,'176','',null,'2012-10-16 15:00:20','2012-10-16 15:00:20',0,1,1);
insert t_vendor(f_vendor_id,f_area_id,f_level_id,f_vendor_name,f_parent_key,f_parent_id,f_created_time,f_updated_time,f_inactive,f_operator_id,f_pay_condition_id) values(134,2,2,'177','',null,'2012-10-16 15:00:20','2012-10-16 15:00:20',0,1,2);
insert t_vendor(f_vendor_id,f_area_id,f_level_id,f_vendor_name,f_parent_key,f_parent_id,f_created_time,f_updated_time,f_inactive,f_operator_id,f_pay_condition_id) values(135,1,3,'178','',null,'2012-10-16 15:00:20','2012-10-16 15:00:20',0,1,3);
insert t_vendor(f_vendor_id,f_area_id,f_level_id,f_vendor_name,f_parent_key,f_parent_id,f_created_time,f_updated_time,f_inactive,f_operator_id,f_pay_condition_id) values(136,2,1,'179','',null,'2012-10-16 15:00:20','2012-10-16 15:00:20',0,1,1);
insert t_vendor(f_vendor_id,f_area_id,f_level_id,f_vendor_name,f_parent_key,f_parent_id,f_created_time,f_updated_time,f_inactive,f_operator_id,f_pay_condition_id) values(137,1,2,'180','',null,'2012-10-16 15:00:20','2012-10-16 15:00:20',0,1,2);
insert t_vendor(f_vendor_id,f_area_id,f_level_id,f_vendor_name,f_parent_key,f_parent_id,f_created_time,f_updated_time,f_inactive,f_operator_id,f_pay_condition_id) values(138,2,3,'181','',null,'2012-10-16 15:00:20','2012-10-16 15:00:20',0,1,3);
insert t_vendor(f_vendor_id,f_area_id,f_level_id,f_vendor_name,f_parent_key,f_parent_id,f_created_time,f_updated_time,f_inactive,f_operator_id,f_pay_condition_id) values(139,1,1,'182','',null,'2012-10-16 15:00:20','2012-10-16 15:00:20',0,1,1);
insert t_vendor(f_vendor_id,f_area_id,f_level_id,f_vendor_name,f_parent_key,f_parent_id,f_created_time,f_updated_time,f_inactive,f_operator_id,f_pay_condition_id) values(140,2,2,'183','',null,'2012-10-16 15:00:20','2012-10-16 15:00:20',0,1,2);
insert t_vendor(f_vendor_id,f_area_id,f_level_id,f_vendor_name,f_parent_key,f_parent_id,f_created_time,f_updated_time,f_inactive,f_operator_id,f_pay_condition_id) values(141,1,3,'184','',null,'2012-10-16 15:00:20','2012-10-16 15:00:20',0,1,3);
insert t_vendor(f_vendor_id,f_area_id,f_level_id,f_vendor_name,f_parent_key,f_parent_id,f_created_time,f_updated_time,f_inactive,f_operator_id,f_pay_condition_id) values(142,2,1,'185','',null,'2012-10-16 15:00:20','2012-10-16 15:00:20',0,1,1);
insert t_vendor(f_vendor_id,f_area_id,f_level_id,f_vendor_name,f_parent_key,f_parent_id,f_created_time,f_updated_time,f_inactive,f_operator_id,f_pay_condition_id) values(143,1,2,'186','',null,'2012-10-16 15:00:20','2012-10-16 15:00:20',0,1,2);
insert t_vendor(f_vendor_id,f_area_id,f_level_id,f_vendor_name,f_parent_key,f_parent_id,f_created_time,f_updated_time,f_inactive,f_operator_id,f_pay_condition_id) values(144,2,3,'187','',null,'2012-10-16 15:00:20','2012-10-16 15:00:20',0,1,3);
insert t_vendor(f_vendor_id,f_area_id,f_level_id,f_vendor_name,f_parent_key,f_parent_id,f_created_time,f_updated_time,f_inactive,f_operator_id,f_pay_condition_id) values(145,1,1,'188','',null,'2012-10-16 15:00:20','2012-10-16 15:00:20',0,1,1);
insert t_vendor(f_vendor_id,f_area_id,f_level_id,f_vendor_name,f_parent_key,f_parent_id,f_created_time,f_updated_time,f_inactive,f_operator_id,f_pay_condition_id) values(146,2,2,'189','',null,'2012-10-16 15:00:20','2012-10-16 15:00:20',0,1,2);
insert t_vendor(f_vendor_id,f_area_id,f_level_id,f_vendor_name,f_parent_key,f_parent_id,f_created_time,f_updated_time,f_inactive,f_operator_id,f_pay_condition_id) values(147,1,3,'190','',null,'2012-10-16 15:00:20','2012-10-16 15:00:20',0,1,3);
insert t_vendor(f_vendor_id,f_area_id,f_level_id,f_vendor_name,f_parent_key,f_parent_id,f_created_time,f_updated_time,f_inactive,f_operator_id,f_pay_condition_id) values(148,2,1,'191','',null,'2012-10-16 15:00:20','2012-10-16 15:00:20',0,1,1);
insert t_vendor(f_vendor_id,f_area_id,f_level_id,f_vendor_name,f_parent_key,f_parent_id,f_created_time,f_updated_time,f_inactive,f_operator_id,f_pay_condition_id) values(149,1,2,'192','',null,'2012-10-16 15:00:20','2012-10-16 15:00:20',0,1,2);
insert t_vendor(f_vendor_id,f_area_id,f_level_id,f_vendor_name,f_parent_key,f_parent_id,f_created_time,f_updated_time,f_inactive,f_operator_id,f_pay_condition_id) values(150,2,3,'193','',null,'2012-10-16 15:00:20','2012-10-16 15:00:20',0,1,3);
insert t_vendor(f_vendor_id,f_area_id,f_level_id,f_vendor_name,f_parent_key,f_parent_id,f_created_time,f_updated_time,f_inactive,f_operator_id,f_pay_condition_id) values(151,1,1,'194','',null,'2012-10-16 15:00:20','2012-10-16 15:00:20',0,1,1);
insert t_vendor(f_vendor_id,f_area_id,f_level_id,f_vendor_name,f_parent_key,f_parent_id,f_created_time,f_updated_time,f_inactive,f_operator_id,f_pay_condition_id) values(152,2,2,'195','',null,'2012-10-16 15:00:20','2012-10-16 15:00:20',0,1,2);
insert t_vendor(f_vendor_id,f_area_id,f_level_id,f_vendor_name,f_parent_key,f_parent_id,f_created_time,f_updated_time,f_inactive,f_operator_id,f_pay_condition_id) values(153,1,3,'196','',null,'2012-10-16 15:00:20','2012-10-16 15:00:20',0,1,3);
insert t_vendor(f_vendor_id,f_area_id,f_level_id,f_vendor_name,f_parent_key,f_parent_id,f_created_time,f_updated_time,f_inactive,f_operator_id,f_pay_condition_id) values(154,2,1,'197','',null,'2012-10-16 15:00:20','2012-10-16 15:00:20',0,1,1);
insert t_vendor(f_vendor_id,f_area_id,f_level_id,f_vendor_name,f_parent_key,f_parent_id,f_created_time,f_updated_time,f_inactive,f_operator_id,f_pay_condition_id) values(155,1,2,'198','',null,'2012-10-16 15:00:20','2012-10-16 15:00:20',0,1,2);
insert t_vendor(f_vendor_id,f_area_id,f_level_id,f_vendor_name,f_parent_key,f_parent_id,f_created_time,f_updated_time,f_inactive,f_operator_id,f_pay_condition_id) values(156,2,3,'199','',null,'2012-10-16 15:00:20','2012-10-16 15:00:20',0,1,3);
insert t_vendor(f_vendor_id,f_area_id,f_level_id,f_vendor_name,f_parent_key,f_parent_id,f_created_time,f_updated_time,f_inactive,f_operator_id,f_pay_condition_id) values(157,1,1,'200','',null,'2012-10-16 15:00:20','2012-10-16 15:00:20',0,1,1);
insert t_vendor(f_vendor_id,f_area_id,f_level_id,f_vendor_name,f_parent_key,f_parent_id,f_created_time,f_updated_time,f_inactive,f_operator_id,f_pay_condition_id) values(158,2,2,'201','',null,'2012-10-16 15:00:20','2012-10-16 15:00:20',0,1,2);
insert t_vendor(f_vendor_id,f_area_id,f_level_id,f_vendor_name,f_parent_key,f_parent_id,f_created_time,f_updated_time,f_inactive,f_operator_id,f_pay_condition_id) values(159,1,3,'202','',null,'2012-10-16 15:00:20','2012-10-16 15:00:20',0,1,3);
insert t_vendor(f_vendor_id,f_area_id,f_level_id,f_vendor_name,f_parent_key,f_parent_id,f_created_time,f_updated_time,f_inactive,f_operator_id,f_pay_condition_id) values(160,2,1,'203','',null,'2012-10-16 15:00:20','2012-10-16 15:00:20',0,1,1);
insert t_vendor(f_vendor_id,f_area_id,f_level_id,f_vendor_name,f_parent_key,f_parent_id,f_created_time,f_updated_time,f_inactive,f_operator_id,f_pay_condition_id) values(161,1,2,'204','',null,'2012-10-16 15:00:20','2012-10-16 15:00:20',0,1,2);
insert t_vendor(f_vendor_id,f_area_id,f_level_id,f_vendor_name,f_parent_key,f_parent_id,f_created_time,f_updated_time,f_inactive,f_operator_id,f_pay_condition_id) values(162,2,3,'205','',null,'2012-10-16 15:00:20','2012-10-16 15:00:20',0,1,3);
insert t_vendor(f_vendor_id,f_area_id,f_level_id,f_vendor_name,f_parent_key,f_parent_id,f_created_time,f_updated_time,f_inactive,f_operator_id,f_pay_condition_id) values(163,1,1,'206','',null,'2012-10-16 15:00:20','2012-10-16 15:00:20',0,1,1);
insert t_vendor(f_vendor_id,f_area_id,f_level_id,f_vendor_name,f_parent_key,f_parent_id,f_created_time,f_updated_time,f_inactive,f_operator_id,f_pay_condition_id) values(164,2,2,'207','',null,'2012-10-16 15:00:20','2012-10-16 15:00:20',0,1,2);
insert t_vendor(f_vendor_id,f_area_id,f_level_id,f_vendor_name,f_parent_key,f_parent_id,f_created_time,f_updated_time,f_inactive,f_operator_id,f_pay_condition_id) values(165,1,3,'208','',null,'2012-10-16 15:00:20','2012-10-16 15:00:20',0,1,3);
insert t_vendor(f_vendor_id,f_area_id,f_level_id,f_vendor_name,f_parent_key,f_parent_id,f_created_time,f_updated_time,f_inactive,f_operator_id,f_pay_condition_id) values(166,2,1,'209','',null,'2012-10-16 15:00:20','2012-10-16 15:00:20',0,1,1);
insert t_vendor(f_vendor_id,f_area_id,f_level_id,f_vendor_name,f_parent_key,f_parent_id,f_created_time,f_updated_time,f_inactive,f_operator_id,f_pay_condition_id) values(167,1,2,'210','',null,'2012-10-16 15:00:20','2012-10-16 15:00:20',0,1,2);
insert t_vendor(f_vendor_id,f_area_id,f_level_id,f_vendor_name,f_parent_key,f_parent_id,f_created_time,f_updated_time,f_inactive,f_operator_id,f_pay_condition_id) values(168,2,3,'211','',null,'2012-10-16 15:00:20','2012-10-16 15:00:20',0,1,3);
insert t_vendor(f_vendor_id,f_area_id,f_level_id,f_vendor_name,f_parent_key,f_parent_id,f_created_time,f_updated_time,f_inactive,f_operator_id,f_pay_condition_id) values(169,1,1,'212','',null,'2012-10-16 15:00:20','2012-10-16 15:00:20',0,1,1);
insert t_vendor(f_vendor_id,f_area_id,f_level_id,f_vendor_name,f_parent_key,f_parent_id,f_created_time,f_updated_time,f_inactive,f_operator_id,f_pay_condition_id) values(170,2,2,'213','',null,'2012-10-16 15:00:20','2012-10-16 15:00:20',0,1,2);
insert t_vendor(f_vendor_id,f_area_id,f_level_id,f_vendor_name,f_parent_key,f_parent_id,f_created_time,f_updated_time,f_inactive,f_operator_id,f_pay_condition_id) values(171,1,3,'214','',null,'2012-10-16 15:00:20','2012-10-16 15:00:20',0,1,3);
insert t_vendor(f_vendor_id,f_area_id,f_level_id,f_vendor_name,f_parent_key,f_parent_id,f_created_time,f_updated_time,f_inactive,f_operator_id,f_pay_condition_id) values(172,2,1,'215','',null,'2012-10-16 15:00:20','2012-10-16 15:00:20',0,1,1);
insert t_vendor(f_vendor_id,f_area_id,f_level_id,f_vendor_name,f_parent_key,f_parent_id,f_created_time,f_updated_time,f_inactive,f_operator_id,f_pay_condition_id) values(173,1,2,'216','',null,'2012-10-16 15:00:20','2012-10-16 15:00:20',0,1,2);
insert t_vendor(f_vendor_id,f_area_id,f_level_id,f_vendor_name,f_parent_key,f_parent_id,f_created_time,f_updated_time,f_inactive,f_operator_id,f_pay_condition_id) values(174,2,3,'217','',null,'2012-10-16 15:00:20','2012-10-16 15:00:20',0,1,3);
insert t_vendor(f_vendor_id,f_area_id,f_level_id,f_vendor_name,f_parent_key,f_parent_id,f_created_time,f_updated_time,f_inactive,f_operator_id,f_pay_condition_id) values(175,1,1,'218','',null,'2012-10-16 15:00:20','2012-10-16 15:00:20',0,1,1);
insert t_vendor(f_vendor_id,f_area_id,f_level_id,f_vendor_name,f_parent_key,f_parent_id,f_created_time,f_updated_time,f_inactive,f_operator_id,f_pay_condition_id) values(176,2,2,'219','',null,'2012-10-16 15:00:20','2012-10-16 15:00:20',0,1,2);
insert t_vendor(f_vendor_id,f_area_id,f_level_id,f_vendor_name,f_parent_key,f_parent_id,f_created_time,f_updated_time,f_inactive,f_operator_id,f_pay_condition_id) values(177,1,3,'220','',null,'2012-10-16 15:00:20','2012-10-16 15:00:20',0,1,3);
insert t_vendor(f_vendor_id,f_area_id,f_level_id,f_vendor_name,f_parent_key,f_parent_id,f_created_time,f_updated_time,f_inactive,f_operator_id,f_pay_condition_id) values(178,2,1,'221','',null,'2012-10-16 15:00:20','2012-10-16 15:00:20',0,1,1);
insert t_vendor(f_vendor_id,f_area_id,f_level_id,f_vendor_name,f_parent_key,f_parent_id,f_created_time,f_updated_time,f_inactive,f_operator_id,f_pay_condition_id) values(179,1,2,'222','',null,'2012-10-16 15:00:20','2012-10-16 15:00:20',0,1,2);
insert t_vendor(f_vendor_id,f_area_id,f_level_id,f_vendor_name,f_parent_key,f_parent_id,f_created_time,f_updated_time,f_inactive,f_operator_id,f_pay_condition_id) values(180,2,3,'223','',null,'2012-10-16 15:00:20','2012-10-16 15:00:20',0,1,3);
insert t_vendor(f_vendor_id,f_area_id,f_level_id,f_vendor_name,f_parent_key,f_parent_id,f_created_time,f_updated_time,f_inactive,f_operator_id,f_pay_condition_id) values(181,1,1,'224','',null,'2012-10-16 15:00:20','2012-10-16 15:00:20',0,1,1);
insert t_vendor(f_vendor_id,f_area_id,f_level_id,f_vendor_name,f_parent_key,f_parent_id,f_created_time,f_updated_time,f_inactive,f_operator_id,f_pay_condition_id) values(182,2,2,'225','',null,'2012-10-16 15:00:20','2012-10-16 15:00:20',0,1,2);
insert t_vendor(f_vendor_id,f_area_id,f_level_id,f_vendor_name,f_parent_key,f_parent_id,f_created_time,f_updated_time,f_inactive,f_operator_id,f_pay_condition_id) values(183,1,3,'226','',null,'2012-10-16 15:00:20','2012-10-16 15:00:20',0,1,3);
insert t_vendor(f_vendor_id,f_area_id,f_level_id,f_vendor_name,f_parent_key,f_parent_id,f_created_time,f_updated_time,f_inactive,f_operator_id,f_pay_condition_id) values(184,2,1,'227','',null,'2012-10-16 15:00:20','2012-10-16 15:00:20',0,1,1);
insert t_vendor(f_vendor_id,f_area_id,f_level_id,f_vendor_name,f_parent_key,f_parent_id,f_created_time,f_updated_time,f_inactive,f_operator_id,f_pay_condition_id) values(185,1,2,'228','',null,'2012-10-16 15:00:20','2012-10-16 15:00:20',0,1,2);
insert t_vendor(f_vendor_id,f_area_id,f_level_id,f_vendor_name,f_parent_key,f_parent_id,f_created_time,f_updated_time,f_inactive,f_operator_id,f_pay_condition_id) values(186,2,3,'229','',null,'2012-10-16 15:00:20','2012-10-16 15:00:20',0,1,3);
insert t_vendor(f_vendor_id,f_area_id,f_level_id,f_vendor_name,f_parent_key,f_parent_id,f_created_time,f_updated_time,f_inactive,f_operator_id,f_pay_condition_id) values(187,1,1,'230','',null,'2012-10-16 15:00:20','2012-10-16 15:00:20',0,1,1);
insert t_vendor(f_vendor_id,f_area_id,f_level_id,f_vendor_name,f_parent_key,f_parent_id,f_created_time,f_updated_time,f_inactive,f_operator_id,f_pay_condition_id) values(188,2,2,'231','',null,'2012-10-16 15:00:20','2012-10-16 15:00:20',0,1,2);
insert t_vendor(f_vendor_id,f_area_id,f_level_id,f_vendor_name,f_parent_key,f_parent_id,f_created_time,f_updated_time,f_inactive,f_operator_id,f_pay_condition_id) values(189,1,3,'232','',null,'2012-10-16 15:00:20','2012-10-16 15:00:20',0,1,3);
insert t_vendor(f_vendor_id,f_area_id,f_level_id,f_vendor_name,f_parent_key,f_parent_id,f_created_time,f_updated_time,f_inactive,f_operator_id,f_pay_condition_id) values(190,2,1,'233','',null,'2012-10-16 15:00:20','2012-10-16 15:00:20',0,1,1);
insert t_vendor(f_vendor_id,f_area_id,f_level_id,f_vendor_name,f_parent_key,f_parent_id,f_created_time,f_updated_time,f_inactive,f_operator_id,f_pay_condition_id) values(191,1,2,'234','',null,'2012-10-16 15:00:20','2012-10-16 15:00:20',0,1,2);
insert t_vendor(f_vendor_id,f_area_id,f_level_id,f_vendor_name,f_parent_key,f_parent_id,f_created_time,f_updated_time,f_inactive,f_operator_id,f_pay_condition_id) values(192,2,3,'235','',null,'2012-10-16 15:00:20','2012-10-16 15:00:20',0,1,3);
insert t_vendor(f_vendor_id,f_area_id,f_level_id,f_vendor_name,f_parent_key,f_parent_id,f_created_time,f_updated_time,f_inactive,f_operator_id,f_pay_condition_id) values(193,1,1,'236','',null,'2012-10-16 15:00:20','2012-10-16 15:00:20',0,1,1);
insert t_vendor(f_vendor_id,f_area_id,f_level_id,f_vendor_name,f_parent_key,f_parent_id,f_created_time,f_updated_time,f_inactive,f_operator_id,f_pay_condition_id) values(194,2,2,'237','',null,'2012-10-16 15:00:20','2012-10-16 15:00:20',0,1,2);
insert t_vendor(f_vendor_id,f_area_id,f_level_id,f_vendor_name,f_parent_key,f_parent_id,f_created_time,f_updated_time,f_inactive,f_operator_id,f_pay_condition_id) values(195,1,3,'238','',null,'2012-10-16 15:00:20','2012-10-16 15:00:20',0,1,3);
insert t_vendor(f_vendor_id,f_area_id,f_level_id,f_vendor_name,f_parent_key,f_parent_id,f_created_time,f_updated_time,f_inactive,f_operator_id,f_pay_condition_id) values(196,2,1,'239','',null,'2012-10-16 15:00:20','2012-10-16 15:00:20',0,1,1);
insert t_vendor(f_vendor_id,f_area_id,f_level_id,f_vendor_name,f_parent_key,f_parent_id,f_created_time,f_updated_time,f_inactive,f_operator_id,f_pay_condition_id) values(197,1,2,'240','',null,'2012-10-16 15:00:20','2012-10-16 15:00:20',0,1,2);
insert t_vendor(f_vendor_id,f_area_id,f_level_id,f_vendor_name,f_parent_key,f_parent_id,f_created_time,f_updated_time,f_inactive,f_operator_id,f_pay_condition_id) values(198,2,3,'241','',null,'2012-10-16 15:00:20','2012-10-16 15:00:20',0,1,3);
insert t_vendor(f_vendor_id,f_area_id,f_level_id,f_vendor_name,f_parent_key,f_parent_id,f_created_time,f_updated_time,f_inactive,f_operator_id,f_pay_condition_id) values(199,1,1,'242','',null,'2012-10-16 15:00:20','2012-10-16 15:00:20',0,1,1);
insert t_vendor(f_vendor_id,f_area_id,f_level_id,f_vendor_name,f_parent_key,f_parent_id,f_created_time,f_updated_time,f_inactive,f_operator_id,f_pay_condition_id) values(200,2,2,'243','',null,'2012-10-16 15:00:20','2012-10-16 15:00:20',0,1,2);
insert t_vendor(f_vendor_id,f_area_id,f_level_id,f_vendor_name,f_parent_key,f_parent_id,f_created_time,f_updated_time,f_inactive,f_operator_id,f_pay_condition_id) values(201,1,3,'244','',null,'2012-10-16 15:00:20','2012-10-16 15:00:20',0,1,3);
insert t_vendor(f_vendor_id,f_area_id,f_level_id,f_vendor_name,f_parent_key,f_parent_id,f_created_time,f_updated_time,f_inactive,f_operator_id,f_pay_condition_id) values(202,2,1,'245','',null,'2012-10-16 15:00:20','2012-10-16 15:00:20',0,1,1);
insert t_vendor(f_vendor_id,f_area_id,f_level_id,f_vendor_name,f_parent_key,f_parent_id,f_created_time,f_updated_time,f_inactive,f_operator_id,f_pay_condition_id) values(203,1,2,'246','',null,'2012-10-16 15:00:20','2012-10-16 15:00:20',0,1,2);
insert t_vendor(f_vendor_id,f_area_id,f_level_id,f_vendor_name,f_parent_key,f_parent_id,f_created_time,f_updated_time,f_inactive,f_operator_id,f_pay_condition_id) values(204,2,3,'247','',null,'2012-10-16 15:00:20','2012-10-16 15:00:20',0,1,3);
insert t_vendor(f_vendor_id,f_area_id,f_level_id,f_vendor_name,f_parent_key,f_parent_id,f_created_time,f_updated_time,f_inactive,f_operator_id,f_pay_condition_id) values(205,1,1,'248','',null,'2012-10-16 15:00:20','2012-10-16 15:00:20',0,1,1);
insert t_vendor(f_vendor_id,f_area_id,f_level_id,f_vendor_name,f_parent_key,f_parent_id,f_created_time,f_updated_time,f_inactive,f_operator_id,f_pay_condition_id) values(206,2,2,'249','',null,'2012-10-16 15:00:20','2012-10-16 15:00:20',0,1,2);
insert t_vendor(f_vendor_id,f_area_id,f_level_id,f_vendor_name,f_parent_key,f_parent_id,f_created_time,f_updated_time,f_inactive,f_operator_id,f_pay_condition_id) values(207,1,3,'250','',null,'2012-10-16 15:00:20','2012-10-16 15:00:20',0,1,3);
insert t_vendor(f_vendor_id,f_area_id,f_level_id,f_vendor_name,f_parent_key,f_parent_id,f_created_time,f_updated_time,f_inactive,f_operator_id,f_pay_condition_id) values(208,2,1,'251','',null,'2012-10-16 15:00:20','2012-10-16 15:00:20',0,1,1);
insert t_vendor(f_vendor_id,f_area_id,f_level_id,f_vendor_name,f_parent_key,f_parent_id,f_created_time,f_updated_time,f_inactive,f_operator_id,f_pay_condition_id) values(209,1,2,'252','',null,'2012-10-16 15:00:20','2012-10-16 15:00:20',0,1,2);
insert t_vendor(f_vendor_id,f_area_id,f_level_id,f_vendor_name,f_parent_key,f_parent_id,f_created_time,f_updated_time,f_inactive,f_operator_id,f_pay_condition_id) values(210,2,3,'253','',null,'2012-10-16 15:00:20','2012-10-16 15:00:20',0,1,3);
insert t_vendor(f_vendor_id,f_area_id,f_level_id,f_vendor_name,f_parent_key,f_parent_id,f_created_time,f_updated_time,f_inactive,f_operator_id,f_pay_condition_id) values(211,1,1,'254','',null,'2012-10-16 15:00:20','2012-10-16 15:00:20',0,1,1);
insert t_vendor(f_vendor_id,f_area_id,f_level_id,f_vendor_name,f_parent_key,f_parent_id,f_created_time,f_updated_time,f_inactive,f_operator_id,f_pay_condition_id) values(212,2,2,'255','',null,'2012-10-16 15:00:20','2012-10-16 15:00:20',0,1,2);
insert t_vendor(f_vendor_id,f_area_id,f_level_id,f_vendor_name,f_parent_key,f_parent_id,f_created_time,f_updated_time,f_inactive,f_operator_id,f_pay_condition_id) values(213,1,3,'256','',null,'2012-10-16 15:00:20','2012-10-16 15:00:20',0,1,3);
insert t_vendor(f_vendor_id,f_area_id,f_level_id,f_vendor_name,f_parent_key,f_parent_id,f_created_time,f_updated_time,f_inactive,f_operator_id,f_pay_condition_id) values(214,2,1,'257','',null,'2012-10-16 15:00:20','2012-10-16 15:00:20',0,1,1);
insert t_vendor(f_vendor_id,f_area_id,f_level_id,f_vendor_name,f_parent_key,f_parent_id,f_created_time,f_updated_time,f_inactive,f_operator_id,f_pay_condition_id) values(215,1,2,'258','',null,'2012-10-16 15:00:20','2012-10-16 15:00:20',0,1,2);
insert t_vendor(f_vendor_id,f_area_id,f_level_id,f_vendor_name,f_parent_key,f_parent_id,f_created_time,f_updated_time,f_inactive,f_operator_id,f_pay_condition_id) values(216,2,3,'259','',null,'2012-10-16 15:00:20','2012-10-16 15:00:20',0,1,3);
insert t_vendor(f_vendor_id,f_area_id,f_level_id,f_vendor_name,f_parent_key,f_parent_id,f_created_time,f_updated_time,f_inactive,f_operator_id,f_pay_condition_id) values(217,1,1,'260','',null,'2012-10-16 15:00:20','2012-10-16 15:00:20',0,1,1);
insert t_vendor(f_vendor_id,f_area_id,f_level_id,f_vendor_name,f_parent_key,f_parent_id,f_created_time,f_updated_time,f_inactive,f_operator_id,f_pay_condition_id) values(218,2,2,'261','',null,'2012-10-16 15:00:20','2012-10-16 15:00:20',0,1,2);
insert t_vendor(f_vendor_id,f_area_id,f_level_id,f_vendor_name,f_parent_key,f_parent_id,f_created_time,f_updated_time,f_inactive,f_operator_id,f_pay_condition_id) values(219,1,3,'262','',null,'2012-10-16 15:00:20','2012-10-16 15:00:20',0,1,3);
insert t_vendor(f_vendor_id,f_area_id,f_level_id,f_vendor_name,f_parent_key,f_parent_id,f_created_time,f_updated_time,f_inactive,f_operator_id,f_pay_condition_id) values(220,2,1,'263','',null,'2012-10-16 15:00:20','2012-10-16 15:00:20',0,1,1);
insert t_vendor(f_vendor_id,f_area_id,f_level_id,f_vendor_name,f_parent_key,f_parent_id,f_created_time,f_updated_time,f_inactive,f_operator_id,f_pay_condition_id) values(221,1,2,'264','',null,'2012-10-16 15:00:20','2012-10-16 15:00:20',0,1,2);
insert t_vendor(f_vendor_id,f_area_id,f_level_id,f_vendor_name,f_parent_key,f_parent_id,f_created_time,f_updated_time,f_inactive,f_operator_id,f_pay_condition_id) values(222,2,3,'265','',null,'2012-10-16 15:00:20','2012-10-16 15:00:20',0,1,3);
insert t_vendor(f_vendor_id,f_area_id,f_level_id,f_vendor_name,f_parent_key,f_parent_id,f_created_time,f_updated_time,f_inactive,f_operator_id,f_pay_condition_id) values(223,1,1,'266','',null,'2012-10-16 15:00:20','2012-10-16 15:00:20',0,1,1);
insert t_vendor(f_vendor_id,f_area_id,f_level_id,f_vendor_name,f_parent_key,f_parent_id,f_created_time,f_updated_time,f_inactive,f_operator_id,f_pay_condition_id) values(224,2,2,'267','',null,'2012-10-16 15:00:20','2012-10-16 15:00:20',0,1,2);
insert t_vendor(f_vendor_id,f_area_id,f_level_id,f_vendor_name,f_parent_key,f_parent_id,f_created_time,f_updated_time,f_inactive,f_operator_id,f_pay_condition_id) values(225,1,3,'268','',null,'2012-10-16 15:00:20','2012-10-16 15:00:20',0,1,3);
insert t_vendor(f_vendor_id,f_area_id,f_level_id,f_vendor_name,f_parent_key,f_parent_id,f_created_time,f_updated_time,f_inactive,f_operator_id,f_pay_condition_id) values(226,2,1,'269','',null,'2012-10-16 15:00:20','2012-10-16 15:00:20',0,1,1);
insert t_vendor(f_vendor_id,f_area_id,f_level_id,f_vendor_name,f_parent_key,f_parent_id,f_created_time,f_updated_time,f_inactive,f_operator_id,f_pay_condition_id) values(227,1,2,'270','',null,'2012-10-16 15:00:20','2012-10-16 15:00:20',0,1,2);
insert t_vendor(f_vendor_id,f_area_id,f_level_id,f_vendor_name,f_parent_key,f_parent_id,f_created_time,f_updated_time,f_inactive,f_operator_id,f_pay_condition_id) values(228,2,3,'271','',null,'2012-10-16 15:00:20','2012-10-16 15:00:20',0,1,3);
insert t_vendor(f_vendor_id,f_area_id,f_level_id,f_vendor_name,f_parent_key,f_parent_id,f_created_time,f_updated_time,f_inactive,f_operator_id,f_pay_condition_id) values(229,1,1,'272','',null,'2012-10-16 15:00:20','2012-10-16 15:00:20',0,1,1);
insert t_vendor(f_vendor_id,f_area_id,f_level_id,f_vendor_name,f_parent_key,f_parent_id,f_created_time,f_updated_time,f_inactive,f_operator_id,f_pay_condition_id) values(230,2,2,'273','',null,'2012-10-16 15:00:20','2012-10-16 15:00:20',0,1,2);
insert t_vendor(f_vendor_id,f_area_id,f_level_id,f_vendor_name,f_parent_key,f_parent_id,f_created_time,f_updated_time,f_inactive,f_operator_id,f_pay_condition_id) values(231,1,3,'274','',null,'2012-10-16 15:00:20','2012-10-16 15:00:20',0,1,3);
insert t_vendor(f_vendor_id,f_area_id,f_level_id,f_vendor_name,f_parent_key,f_parent_id,f_created_time,f_updated_time,f_inactive,f_operator_id,f_pay_condition_id) values(232,2,1,'275','',null,'2012-10-16 15:00:20','2012-10-16 15:00:20',0,1,1);
insert t_vendor(f_vendor_id,f_area_id,f_level_id,f_vendor_name,f_parent_key,f_parent_id,f_created_time,f_updated_time,f_inactive,f_operator_id,f_pay_condition_id) values(233,1,2,'276','',null,'2012-10-16 15:00:20','2012-10-16 15:00:20',0,1,2);
insert t_vendor(f_vendor_id,f_area_id,f_level_id,f_vendor_name,f_parent_key,f_parent_id,f_created_time,f_updated_time,f_inactive,f_operator_id,f_pay_condition_id) values(234,2,3,'277','',null,'2012-10-16 15:00:20','2012-10-16 15:00:20',0,1,3);
insert t_vendor(f_vendor_id,f_area_id,f_level_id,f_vendor_name,f_parent_key,f_parent_id,f_created_time,f_updated_time,f_inactive,f_operator_id,f_pay_condition_id) values(235,1,1,'278','',null,'2012-10-16 15:00:20','2012-10-16 15:00:20',0,1,1);
insert t_vendor(f_vendor_id,f_area_id,f_level_id,f_vendor_name,f_parent_key,f_parent_id,f_created_time,f_updated_time,f_inactive,f_operator_id,f_pay_condition_id) values(236,2,2,'279','',null,'2012-10-16 15:00:20','2012-10-16 15:00:20',0,1,2);
insert t_vendor(f_vendor_id,f_area_id,f_level_id,f_vendor_name,f_parent_key,f_parent_id,f_created_time,f_updated_time,f_inactive,f_operator_id,f_pay_condition_id) values(237,1,3,'280','',null,'2012-10-16 15:00:20','2012-10-16 15:00:20',0,1,3);
insert t_vendor(f_vendor_id,f_area_id,f_level_id,f_vendor_name,f_parent_key,f_parent_id,f_created_time,f_updated_time,f_inactive,f_operator_id,f_pay_condition_id) values(238,2,1,'281','',null,'2012-10-16 15:00:20','2012-10-16 15:00:20',0,1,1);
insert t_vendor(f_vendor_id,f_area_id,f_level_id,f_vendor_name,f_parent_key,f_parent_id,f_created_time,f_updated_time,f_inactive,f_operator_id,f_pay_condition_id) values(239,1,2,'282','',null,'2012-10-16 15:00:20','2012-10-16 15:00:20',0,1,2);
insert t_vendor(f_vendor_id,f_area_id,f_level_id,f_vendor_name,f_parent_key,f_parent_id,f_created_time,f_updated_time,f_inactive,f_operator_id,f_pay_condition_id) values(240,2,3,'283','',null,'2012-10-16 15:00:20','2012-10-16 15:00:20',0,1,3);
insert t_vendor(f_vendor_id,f_area_id,f_level_id,f_vendor_name,f_parent_key,f_parent_id,f_created_time,f_updated_time,f_inactive,f_operator_id,f_pay_condition_id) values(241,1,1,'284','',null,'2012-10-16 15:00:20','2012-10-16 15:00:20',0,1,1);
insert t_vendor(f_vendor_id,f_area_id,f_level_id,f_vendor_name,f_parent_key,f_parent_id,f_created_time,f_updated_time,f_inactive,f_operator_id,f_pay_condition_id) values(242,2,2,'285','',null,'2012-10-16 15:00:20','2012-10-16 15:00:20',0,1,2);
insert t_vendor(f_vendor_id,f_area_id,f_level_id,f_vendor_name,f_parent_key,f_parent_id,f_created_time,f_updated_time,f_inactive,f_operator_id,f_pay_condition_id) values(243,1,3,'286','',null,'2012-10-16 15:00:20','2012-10-16 15:00:20',0,1,3);
insert t_vendor(f_vendor_id,f_area_id,f_level_id,f_vendor_name,f_parent_key,f_parent_id,f_created_time,f_updated_time,f_inactive,f_operator_id,f_pay_condition_id) values(244,2,1,'287','',null,'2012-10-16 15:00:20','2012-10-16 15:00:20',0,1,1);
insert t_vendor(f_vendor_id,f_area_id,f_level_id,f_vendor_name,f_parent_key,f_parent_id,f_created_time,f_updated_time,f_inactive,f_operator_id,f_pay_condition_id) values(245,1,2,'288','',null,'2012-10-16 15:00:20','2012-10-16 15:00:20',0,1,2);
insert t_vendor(f_vendor_id,f_area_id,f_level_id,f_vendor_name,f_parent_key,f_parent_id,f_created_time,f_updated_time,f_inactive,f_operator_id,f_pay_condition_id) values(246,2,3,'289','',null,'2012-10-16 15:00:20','2012-10-16 15:00:20',0,1,3);
insert t_vendor(f_vendor_id,f_area_id,f_level_id,f_vendor_name,f_parent_key,f_parent_id,f_created_time,f_updated_time,f_inactive,f_operator_id,f_pay_condition_id) values(247,1,1,'290','',null,'2012-10-16 15:00:20','2012-10-16 15:00:20',0,1,1);
insert t_vendor(f_vendor_id,f_area_id,f_level_id,f_vendor_name,f_parent_key,f_parent_id,f_created_time,f_updated_time,f_inactive,f_operator_id,f_pay_condition_id) values(248,2,2,'291','',null,'2012-10-16 15:00:20','2012-10-16 15:00:20',0,1,2);
insert t_vendor(f_vendor_id,f_area_id,f_level_id,f_vendor_name,f_parent_key,f_parent_id,f_created_time,f_updated_time,f_inactive,f_operator_id,f_pay_condition_id) values(249,1,3,'292','',null,'2012-10-16 15:00:20','2012-10-16 15:00:20',0,1,3);
insert t_vendor(f_vendor_id,f_area_id,f_level_id,f_vendor_name,f_parent_key,f_parent_id,f_created_time,f_updated_time,f_inactive,f_operator_id,f_pay_condition_id) values(250,2,1,'293','',null,'2012-10-16 15:00:20','2012-10-16 15:00:20',0,1,1);
insert t_vendor(f_vendor_id,f_area_id,f_level_id,f_vendor_name,f_parent_key,f_parent_id,f_created_time,f_updated_time,f_inactive,f_operator_id,f_pay_condition_id) values(251,1,2,'294','',null,'2012-10-16 15:00:20','2012-10-16 15:00:20',0,1,2);
insert t_vendor(f_vendor_id,f_area_id,f_level_id,f_vendor_name,f_parent_key,f_parent_id,f_created_time,f_updated_time,f_inactive,f_operator_id,f_pay_condition_id) values(252,2,3,'295','',null,'2012-10-16 15:00:20','2012-10-16 15:00:20',0,1,3);
insert t_vendor(f_vendor_id,f_area_id,f_level_id,f_vendor_name,f_parent_key,f_parent_id,f_created_time,f_updated_time,f_inactive,f_operator_id,f_pay_condition_id) values(253,1,1,'296','',null,'2012-10-16 15:00:20','2012-10-16 15:00:20',0,1,1);
insert t_vendor(f_vendor_id,f_area_id,f_level_id,f_vendor_name,f_parent_key,f_parent_id,f_created_time,f_updated_time,f_inactive,f_operator_id,f_pay_condition_id) values(254,2,2,'297','',null,'2012-10-16 15:00:20','2012-10-16 15:00:20',0,1,2);
insert t_vendor(f_vendor_id,f_area_id,f_level_id,f_vendor_name,f_parent_key,f_parent_id,f_created_time,f_updated_time,f_inactive,f_operator_id,f_pay_condition_id) values(255,1,3,'298','',null,'2012-10-16 15:00:20','2012-10-16 15:00:20',0,1,3);
insert t_vendor(f_vendor_id,f_area_id,f_level_id,f_vendor_name,f_parent_key,f_parent_id,f_created_time,f_updated_time,f_inactive,f_operator_id,f_pay_condition_id) values(256,2,1,'299','',null,'2012-10-16 15:00:20','2012-10-16 15:00:20',0,1,1);
insert t_vendor(f_vendor_id,f_area_id,f_level_id,f_vendor_name,f_parent_key,f_parent_id,f_created_time,f_updated_time,f_inactive,f_operator_id,f_pay_condition_id) values(257,1,2,'300','',null,'2012-10-16 15:00:20','2012-10-16 15:00:20',0,1,2);
insert t_vendor(f_vendor_id,f_area_id,f_level_id,f_vendor_name,f_parent_key,f_parent_id,f_created_time,f_updated_time,f_inactive,f_operator_id,f_pay_condition_id) values(258,2,3,'301','',null,'2012-10-16 15:00:20','2012-10-16 15:00:20',0,1,3);
insert t_vendor(f_vendor_id,f_area_id,f_level_id,f_vendor_name,f_parent_key,f_parent_id,f_created_time,f_updated_time,f_inactive,f_operator_id,f_pay_condition_id) values(259,1,1,'302','',null,'2012-10-16 15:00:20','2012-10-16 15:00:20',0,1,1);
insert t_vendor(f_vendor_id,f_area_id,f_level_id,f_vendor_name,f_parent_key,f_parent_id,f_created_time,f_updated_time,f_inactive,f_operator_id,f_pay_condition_id) values(260,2,2,'303','',null,'2012-10-16 15:00:20','2012-10-16 15:00:20',0,1,2);
insert t_vendor(f_vendor_id,f_area_id,f_level_id,f_vendor_name,f_parent_key,f_parent_id,f_created_time,f_updated_time,f_inactive,f_operator_id,f_pay_condition_id) values(261,1,3,'304','',null,'2012-10-16 15:00:20','2012-10-16 15:00:20',0,1,3);
insert t_vendor(f_vendor_id,f_area_id,f_level_id,f_vendor_name,f_parent_key,f_parent_id,f_created_time,f_updated_time,f_inactive,f_operator_id,f_pay_condition_id) values(262,2,1,'305','',null,'2012-10-16 15:00:20','2012-10-16 15:00:20',0,1,1);
insert t_vendor(f_vendor_id,f_area_id,f_level_id,f_vendor_name,f_parent_key,f_parent_id,f_created_time,f_updated_time,f_inactive,f_operator_id,f_pay_condition_id) values(263,1,2,'306','',null,'2012-10-16 15:00:20','2012-10-16 15:00:20',0,1,2);
insert t_vendor(f_vendor_id,f_area_id,f_level_id,f_vendor_name,f_parent_key,f_parent_id,f_created_time,f_updated_time,f_inactive,f_operator_id,f_pay_condition_id) values(264,2,3,'307','',null,'2012-10-16 15:00:20','2012-10-16 15:00:20',0,1,3);
insert t_vendor(f_vendor_id,f_area_id,f_level_id,f_vendor_name,f_parent_key,f_parent_id,f_created_time,f_updated_time,f_inactive,f_operator_id,f_pay_condition_id) values(265,1,1,'308','',null,'2012-10-16 15:00:20','2012-10-16 15:00:20',0,1,1);
insert t_vendor(f_vendor_id,f_area_id,f_level_id,f_vendor_name,f_parent_key,f_parent_id,f_created_time,f_updated_time,f_inactive,f_operator_id,f_pay_condition_id) values(266,2,2,'309','',null,'2012-10-16 15:00:20','2012-10-16 15:00:20',0,1,2);
insert t_vendor(f_vendor_id,f_area_id,f_level_id,f_vendor_name,f_parent_key,f_parent_id,f_created_time,f_updated_time,f_inactive,f_operator_id,f_pay_condition_id) values(267,1,3,'310','',null,'2012-10-16 15:00:20','2012-10-16 15:00:20',0,1,3);
insert t_vendor(f_vendor_id,f_area_id,f_level_id,f_vendor_name,f_parent_key,f_parent_id,f_created_time,f_updated_time,f_inactive,f_operator_id,f_pay_condition_id) values(268,2,1,'311','',null,'2012-10-16 15:00:20','2012-10-16 15:00:20',0,1,1);
insert t_vendor(f_vendor_id,f_area_id,f_level_id,f_vendor_name,f_parent_key,f_parent_id,f_created_time,f_updated_time,f_inactive,f_operator_id,f_pay_condition_id) values(269,1,2,'312','',null,'2012-10-16 15:00:20','2012-10-16 15:00:20',0,1,2);
insert t_vendor(f_vendor_id,f_area_id,f_level_id,f_vendor_name,f_parent_key,f_parent_id,f_created_time,f_updated_time,f_inactive,f_operator_id,f_pay_condition_id) values(270,2,3,'313','',null,'2012-10-16 15:00:20','2012-10-16 15:00:20',0,1,3);
insert t_vendor(f_vendor_id,f_area_id,f_level_id,f_vendor_name,f_parent_key,f_parent_id,f_created_time,f_updated_time,f_inactive,f_operator_id,f_pay_condition_id) values(271,1,1,'314','',null,'2012-10-16 15:00:20','2012-10-16 15:00:20',0,1,1);
insert t_vendor(f_vendor_id,f_area_id,f_level_id,f_vendor_name,f_parent_key,f_parent_id,f_created_time,f_updated_time,f_inactive,f_operator_id,f_pay_condition_id) values(272,2,2,'315','',null,'2012-10-16 15:00:20','2012-10-16 15:00:20',0,1,2);
insert t_vendor(f_vendor_id,f_area_id,f_level_id,f_vendor_name,f_parent_key,f_parent_id,f_created_time,f_updated_time,f_inactive,f_operator_id,f_pay_condition_id) values(273,1,3,'316','',null,'2012-10-16 15:00:20','2012-10-16 15:00:20',0,1,3);
insert t_vendor(f_vendor_id,f_area_id,f_level_id,f_vendor_name,f_parent_key,f_parent_id,f_created_time,f_updated_time,f_inactive,f_operator_id,f_pay_condition_id) values(274,2,1,'317','',null,'2012-10-16 15:00:20','2012-10-16 15:00:20',0,1,1);
insert t_vendor(f_vendor_id,f_area_id,f_level_id,f_vendor_name,f_parent_key,f_parent_id,f_created_time,f_updated_time,f_inactive,f_operator_id,f_pay_condition_id) values(275,1,2,'318','',null,'2012-10-16 15:00:20','2012-10-16 15:00:20',0,1,2);
insert t_vendor(f_vendor_id,f_area_id,f_level_id,f_vendor_name,f_parent_key,f_parent_id,f_created_time,f_updated_time,f_inactive,f_operator_id,f_pay_condition_id) values(276,2,3,'319','',null,'2012-10-16 15:00:20','2012-10-16 15:00:20',0,1,3);
insert t_vendor(f_vendor_id,f_area_id,f_level_id,f_vendor_name,f_parent_key,f_parent_id,f_created_time,f_updated_time,f_inactive,f_operator_id,f_pay_condition_id) values(277,1,1,'320','',null,'2012-10-16 15:00:20','2012-10-16 15:00:20',0,1,1);
insert t_vendor(f_vendor_id,f_area_id,f_level_id,f_vendor_name,f_parent_key,f_parent_id,f_created_time,f_updated_time,f_inactive,f_operator_id,f_pay_condition_id) values(278,2,2,'321','',null,'2012-10-16 15:00:20','2012-10-16 15:00:20',0,1,2);
insert t_vendor(f_vendor_id,f_area_id,f_level_id,f_vendor_name,f_parent_key,f_parent_id,f_created_time,f_updated_time,f_inactive,f_operator_id,f_pay_condition_id) values(279,1,3,'322','',null,'2012-10-16 15:00:20','2012-10-16 15:00:20',0,1,3);
insert t_vendor(f_vendor_id,f_area_id,f_level_id,f_vendor_name,f_parent_key,f_parent_id,f_created_time,f_updated_time,f_inactive,f_operator_id,f_pay_condition_id) values(280,2,1,'323','',null,'2012-10-16 15:00:20','2012-10-16 15:00:20',0,1,1);
insert t_vendor(f_vendor_id,f_area_id,f_level_id,f_vendor_name,f_parent_key,f_parent_id,f_created_time,f_updated_time,f_inactive,f_operator_id,f_pay_condition_id) values(281,1,2,'324','',null,'2012-10-16 15:00:20','2012-10-16 15:00:20',0,1,2);
insert t_vendor(f_vendor_id,f_area_id,f_level_id,f_vendor_name,f_parent_key,f_parent_id,f_created_time,f_updated_time,f_inactive,f_operator_id,f_pay_condition_id) values(282,2,3,'325','',null,'2012-10-16 15:00:20','2012-10-16 15:00:20',0,1,3);
insert t_vendor(f_vendor_id,f_area_id,f_level_id,f_vendor_name,f_parent_key,f_parent_id,f_created_time,f_updated_time,f_inactive,f_operator_id,f_pay_condition_id) values(283,1,1,'326','',null,'2012-10-16 15:00:20','2012-10-16 15:00:20',0,1,1);
insert t_vendor(f_vendor_id,f_area_id,f_level_id,f_vendor_name,f_parent_key,f_parent_id,f_created_time,f_updated_time,f_inactive,f_operator_id,f_pay_condition_id) values(284,2,2,'327','',null,'2012-10-16 15:00:20','2012-10-16 15:00:20',0,1,2);
insert t_vendor(f_vendor_id,f_area_id,f_level_id,f_vendor_name,f_parent_key,f_parent_id,f_created_time,f_updated_time,f_inactive,f_operator_id,f_pay_condition_id) values(285,1,3,'328','',null,'2012-10-16 15:00:20','2012-10-16 15:00:20',0,1,3);
insert t_vendor(f_vendor_id,f_area_id,f_level_id,f_vendor_name,f_parent_key,f_parent_id,f_created_time,f_updated_time,f_inactive,f_operator_id,f_pay_condition_id) values(286,2,1,'329','',null,'2012-10-16 15:00:20','2012-10-16 15:00:20',0,1,1);



/*==============================================================*/
/* Table: t_product                                              */
/*==============================================================*/
insert t_product(f_product_id,f_code,f_product_name,f_os_id,f_model_id,f_vendor_id,f_brand_id,f_operator_id,f_price,f_features,f_remark,f_created_time,f_updated_time,f_deleted) values(1,'X0001','戴尔笔记本',1,1,1,2,1,4000.00,'新品','14英寸','2012-9-13 15:00:20','2012-9-19 15:00:20',0);
insert t_product(f_product_id,f_code,f_product_name,f_os_id,f_model_id,f_vendor_id,f_brand_id,f_operator_id,f_price,f_features,f_remark,f_created_time,f_updated_time,f_deleted) values(2,'BM2009','联想电脑',2,3,2,1,2,2500.19,'新品','14英寸','2012-9-13 15:00:21','2012-9-19 15:00:21',0);
insert t_product(f_product_id,f_code,f_product_name,f_os_id,f_model_id,f_vendor_id,f_brand_id,f_operator_id,f_price,f_features,f_remark,f_created_time,f_updated_time,f_deleted) values(3,'ThinkSND','联想笔记本',1,3,1,1,2,2600.19,'畅销','14英寸','2012-9-13 15:00:22','2012-9-19 15:00:22',0);
insert t_product(f_product_id,f_code,f_product_name,f_os_id,f_model_id,f_vendor_id,f_brand_id,f_operator_id,f_price,f_features,f_remark,f_created_time,f_updated_time,f_deleted) values(4,'ThinkSD2012','联想G480AM-IFI',1,3,2,1,2,5500.19,'畅销','14英寸','2012-9-13 15:00:23','2012-9-19 15:00:23',0);
insert t_product(f_product_id,f_code,f_product_name,f_os_id,f_model_id,f_vendor_id,f_brand_id,f_operator_id,f_price,f_features,f_remark,f_created_time,f_updated_time,f_deleted) values(5,'ThinkWKE','联想U410-IFI(暮光灰)',1,3,3,1,2,2500.00,'畅销','14英寸','2012-9-13 15:00:24','2012-9-19 15:00:24',0);
insert t_product(f_product_id,f_code,f_product_name,f_os_id,f_model_id,f_vendor_id,f_brand_id,f_operator_id,f_price,f_features,f_remark,f_created_time,f_updated_time,f_deleted) values(6,'ThinkPINK','联想G480A-IFI(金属灰)',1,3,4,1,2,4900.01,'畅销','SSD固态硬盘','2012-9-13 15:00:25','2012-9-19 15:00:25',0);
insert t_product(f_product_id,f_code,f_product_name,f_os_id,f_model_id,f_vendor_id,f_brand_id,f_operator_id,f_price,f_features,f_remark,f_created_time,f_updated_time,f_deleted) values(7,'ThinkBLACK','联想Y580N-IFI',1,3,5,1,2,6500.02,'畅销','SSD固态硬盘','2012-9-13 15:00:26','2012-9-19 15:00:26',0);
insert t_product(f_product_id,f_code,f_product_name,f_os_id,f_model_id,f_vendor_id,f_brand_id,f_operator_id,f_price,f_features,f_remark,f_created_time,f_updated_time,f_deleted) values(8,'DELLINS','戴尔14z(Ins14zd-1518)',1,1,2,2,2,12500.03,'新品','SSD固态硬盘','2012-9-13 15:00:27','2012-9-19 15:00:27',0);
insert t_product(f_product_id,f_code,f_product_name,f_os_id,f_model_id,f_vendor_id,f_brand_id,f_operator_id,f_price,f_features,f_remark,f_created_time,f_updated_time,f_deleted) values(9,'DELLTOO','戴尔14R Turbo(Ins14TD-1728)',1,1,2,2,2,22500.04,'新品','SSD固态硬盘','2012-9-13 15:00:28','2012-9-19 15:00:28',0);
insert t_product(f_product_id,f_code,f_product_name,f_os_id,f_model_id,f_vendor_id,f_brand_id,f_operator_id,f_price,f_features,f_remark,f_created_time,f_updated_time,f_deleted) values(10,'DELLDNAS','戴尔DNAS',1,1,1,2,2,2500.00,'新品','SSD固态硬盘','2012-9-13 15:00:29','2012-9-19 15:00:29',0);
insert t_product(f_product_id,f_code,f_product_name,f_os_id,f_model_id,f_vendor_id,f_brand_id,f_operator_id,f_price,f_features,f_remark,f_created_time,f_updated_time,f_deleted) values(11,'DELLMOSJ','戴尔MOSJ',1,1,3,2,2,2500.00,'新品','SSD固态硬盘','2012-9-13 15:00:30','2012-9-19 15:00:30',0);
insert t_product(f_product_id,f_code,f_product_name,f_os_id,f_model_id,f_vendor_id,f_brand_id,f_operator_id,f_price,f_features,f_remark,f_created_time,f_updated_time,f_deleted) values(12,'DELLSD','戴尔17R SD',2,1,3,2,2,2500.00,'新品','硬盘容量：500GB','2012-9-13 15:00:31','2012-9-19 15:00:31',0);
insert t_product(f_product_id,f_code,f_product_name,f_os_id,f_model_id,f_vendor_id,f_brand_id,f_operator_id,f_price,f_features,f_remark,f_created_time,f_updated_time,f_deleted) values(13,'DELLXPS','戴尔XPS 13D-138',2,1,4,2,2,2500.00,'促销','硬盘容量：500GB','2012-9-13 15:00:32','2012-9-19 15:00:32',0);
insert t_product(f_product_id,f_code,f_product_name,f_os_id,f_model_id,f_vendor_id,f_brand_id,f_operator_id,f_price,f_features,f_remark,f_created_time,f_updated_time,f_deleted) values(14,'DELLTURBO','戴尔14R Turbo(Ins14TD-1728)',2,1,4,2,2,3523.00,'促销','硬盘容量：500GB','2012-9-13 15:00:33','2012-9-19 15:00:33',0);
insert t_product(f_product_id,f_code,f_product_name,f_os_id,f_model_id,f_vendor_id,f_brand_id,f_operator_id,f_price,f_features,f_remark,f_created_time,f_updated_time,f_deleted) values(15,'DELLNS','戴尔14zNS',2,1,5,2,2,2890.00,'促销','硬盘容量：500GB','2012-9-13 15:00:34','2012-9-19 15:00:34',0);
insert t_product(f_product_id,f_code,f_product_name,f_os_id,f_model_id,f_vendor_id,f_brand_id,f_operator_id,f_price,f_features,f_remark,f_created_time,f_updated_time,f_deleted) values(16,'DELLWDW','戴尔14R Turbo',2,1,5,2,2,12500.00,'促销','硬盘容量：500GB','2012-9-13 15:00:35','2012-9-19 15:00:35',0);
insert t_product(f_product_id,f_code,f_product_name,f_os_id,f_model_id,f_vendor_id,f_brand_id,f_operator_id,f_price,f_features,f_remark,f_created_time,f_updated_time,f_deleted) values(17,'B7C02PA','惠普431(B7C02PA)',2,4,1,4,2,2999.00,'促销','硬盘容量：500GB','2012-9-13 15:00:36','2012-9-19 15:00:36',0);
insert t_product(f_product_id,f_code,f_product_name,f_os_id,f_model_id,f_vendor_id,f_brand_id,f_operator_id,f_price,f_features,f_remark,f_created_time,f_updated_time,f_deleted) values(18,'G6','惠普G6-2145TX',3,4,2,4,2,2500.00,'商务机','显卡芯片：NVIDIA GeForce GT 610M','2012-9-13 15:00:37','2012-9-19 15:00:37',0);
insert t_product(f_product_id,f_code,f_product_name,f_os_id,f_model_id,f_vendor_id,f_brand_id,f_operator_id,f_price,f_features,f_remark,f_created_time,f_updated_time,f_deleted) values(19,'G4','惠普G4-2118TU ',3,4,3,4,2,4999.00,'商务机','显卡芯片：NVIDIA GeForce GT 610M','2012-9-13 15:00:38','2012-9-19 15:00:38',0);
insert t_product(f_product_id,f_code,f_product_name,f_os_id,f_model_id,f_vendor_id,f_brand_id,f_operator_id,f_price,f_features,f_remark,f_created_time,f_updated_time,f_deleted) values(20,'C5P68PA','惠普4436s(C5P68PA)',3,4,4,4,2,4500.00,'商务机','显卡芯片：NVIDIA GeForce GT 610M','2012-9-13 15:00:39','2012-9-19 15:00:39',0);
insert t_product(f_product_id,f_code,f_product_name,f_os_id,f_model_id,f_vendor_id,f_brand_id,f_operator_id,f_price,f_features,f_remark,f_created_time,f_updated_time,f_deleted) values(21,'C5WDW','惠普g4-2120TX(C5H41PA)',3,4,5,4,2,4500.00,'游戏','显卡芯片：NVIDIA GeForce GT 610M','2012-9-13 15:00:40','2012-9-19 15:00:40',0);
insert t_product(f_product_id,f_code,f_product_name,f_os_id,f_model_id,f_vendor_id,f_brand_id,f_operator_id,f_price,f_features,f_remark,f_created_time,f_updated_time,f_deleted) values(22,'C5PDGR','惠普4441s(B7B95PA)',3,4,2,4,2,2700.00,'游戏','内存容量：4GB','2012-9-13 15:00:41','2012-9-19 15:00:41',0);
insert t_product(f_product_id,f_code,f_product_name,f_os_id,f_model_id,f_vendor_id,f_brand_id,f_operator_id,f_price,f_features,f_remark,f_created_time,f_updated_time,f_deleted) values(23,'ENVY','惠普Envy 6-1016TX',3,4,3,4,2,2980.00,'游戏','内存容量：4GB','2012-9-13 15:00:42','2012-9-19 15:00:42',0);
insert t_product(f_product_id,f_code,f_product_name,f_os_id,f_model_id,f_vendor_id,f_brand_id,f_operator_id,f_price,f_features,f_remark,f_created_time,f_updated_time,f_deleted) values(24,'G42118','惠普G4-2118TU',3,4,4,4,2,6500.00,'游戏','内存容量：4GB','2012-9-13 15:00:43','2012-9-19 15:00:43',0);
insert t_product(f_product_id,f_code,f_product_name,f_os_id,f_model_id,f_vendor_id,f_brand_id,f_operator_id,f_price,f_features,f_remark,f_created_time,f_updated_time,f_deleted) values(25,'G42022','惠普g4-2022tx(B3J58PA)',3,4,5,4,2,8500.00,'游戏','内存容量：4GB','2012-9-13 15:00:44','2012-9-19 15:00:44',0);
insert t_product(f_product_id,f_code,f_product_name,f_os_id,f_model_id,f_vendor_id,f_brand_id,f_operator_id,f_price,f_features,f_remark,f_created_time,f_updated_time,f_deleted) values(26,'X0002','戴尔笔记本',1,1,1,2,1,4000.00,'新品','14英寸','2012-9-13 15:00:20','2012-9-19 15:00:20',0);
insert t_product(f_product_id,f_code,f_product_name,f_os_id,f_model_id,f_vendor_id,f_brand_id,f_operator_id,f_price,f_features,f_remark,f_created_time,f_updated_time,f_deleted) values(27,'BM2010','戴尔笔记本',1,1,1,2,1,4000.00,'新品','14英寸','2012-9-13 15:00:20','2012-9-19 15:00:20',0);
insert t_product(f_product_id,f_code,f_product_name,f_os_id,f_model_id,f_vendor_id,f_brand_id,f_operator_id,f_price,f_features,f_remark,f_created_time,f_updated_time,f_deleted) values(28,'ThinkSD2013','联想电脑',2,3,2,1,2,2500.19,'新品','14英寸','2012-9-13 15:00:20','2012-9-19 15:00:20',0);
insert t_product(f_product_id,f_code,f_product_name,f_os_id,f_model_id,f_vendor_id,f_brand_id,f_operator_id,f_price,f_features,f_remark,f_created_time,f_updated_time,f_deleted) values(29,'G42119','联想笔记本',1,3,1,1,2,2600.19,'畅销','14英寸','2012-9-13 15:00:20','2012-9-19 15:00:20',0);
insert t_product(f_product_id,f_code,f_product_name,f_os_id,f_model_id,f_vendor_id,f_brand_id,f_operator_id,f_price,f_features,f_remark,f_created_time,f_updated_time,f_deleted) values(30,'X0003','联想G480AM-IFI',1,3,2,1,2,5500.19,'畅销','14英寸','2012-9-13 15:00:20','2012-9-19 15:00:20',0);
insert t_product(f_product_id,f_code,f_product_name,f_os_id,f_model_id,f_vendor_id,f_brand_id,f_operator_id,f_price,f_features,f_remark,f_created_time,f_updated_time,f_deleted) values(31,'BM2011','联想U410-IFI(暮光灰)',1,3,3,1,2,2500.00,'畅销','14英寸','2012-9-13 15:00:20','2012-9-19 15:00:20',0);
insert t_product(f_product_id,f_code,f_product_name,f_os_id,f_model_id,f_vendor_id,f_brand_id,f_operator_id,f_price,f_features,f_remark,f_created_time,f_updated_time,f_deleted) values(32,'ThinkSD2014','联想G480A-IFI(金属灰)',1,3,4,1,2,4900.01,'畅销','SSD固态硬盘','2012-9-13 15:00:20','2012-9-19 15:00:20',0);
insert t_product(f_product_id,f_code,f_product_name,f_os_id,f_model_id,f_vendor_id,f_brand_id,f_operator_id,f_price,f_features,f_remark,f_created_time,f_updated_time,f_deleted) values(33,'G42120','联想Y580N-IFI',1,3,5,1,2,6500.02,'畅销','SSD固态硬盘','2012-9-13 15:00:20','2012-9-19 15:00:20',0);
insert t_product(f_product_id,f_code,f_product_name,f_os_id,f_model_id,f_vendor_id,f_brand_id,f_operator_id,f_price,f_features,f_remark,f_created_time,f_updated_time,f_deleted) values(34,'X0004','戴尔14z(Ins14zd-1518)',1,1,2,2,2,12500.03,'新品','SSD固态硬盘','2012-9-13 15:00:20','2012-9-19 15:00:20',0);
insert t_product(f_product_id,f_code,f_product_name,f_os_id,f_model_id,f_vendor_id,f_brand_id,f_operator_id,f_price,f_features,f_remark,f_created_time,f_updated_time,f_deleted) values(35,'BM2012','戴尔14R Turbo(Ins14TD-1728)',1,1,2,2,2,22500.04,'新品','SSD固态硬盘','2012-9-13 15:00:20','2012-9-19 15:00:20',0);
insert t_product(f_product_id,f_code,f_product_name,f_os_id,f_model_id,f_vendor_id,f_brand_id,f_operator_id,f_price,f_features,f_remark,f_created_time,f_updated_time,f_deleted) values(36,'ThinkSD2015','戴尔DNAS',1,1,1,2,2,2500.00,'新品','SSD固态硬盘','2012-9-13 15:00:20','2012-9-19 15:00:20',0);
insert t_product(f_product_id,f_code,f_product_name,f_os_id,f_model_id,f_vendor_id,f_brand_id,f_operator_id,f_price,f_features,f_remark,f_created_time,f_updated_time,f_deleted) values(37,'G42121','戴尔MOSJ',1,1,3,2,2,2500.00,'新品','SSD固态硬盘','2012-9-13 15:00:20','2012-9-19 15:00:20',0);
insert t_product(f_product_id,f_code,f_product_name,f_os_id,f_model_id,f_vendor_id,f_brand_id,f_operator_id,f_price,f_features,f_remark,f_created_time,f_updated_time,f_deleted) values(38,'X0005','戴尔17R SD',2,1,3,2,2,2500.00,'新品','硬盘容量：500GB','2012-9-13 15:00:20','2012-9-19 15:00:20',0);
insert t_product(f_product_id,f_code,f_product_name,f_os_id,f_model_id,f_vendor_id,f_brand_id,f_operator_id,f_price,f_features,f_remark,f_created_time,f_updated_time,f_deleted) values(39,'BM2013','戴尔XPS 13D-138',2,1,4,2,2,2500.00,'促销','硬盘容量：500GB','2012-9-13 15:00:20','2012-9-19 15:00:20',0);
insert t_product(f_product_id,f_code,f_product_name,f_os_id,f_model_id,f_vendor_id,f_brand_id,f_operator_id,f_price,f_features,f_remark,f_created_time,f_updated_time,f_deleted) values(40,'ThinkSD2016','戴尔14R Turbo(Ins14TD-1728)',2,1,4,2,2,3523.00,'促销','硬盘容量：500GB','2012-9-13 15:00:20','2012-9-19 15:00:20',0);
insert t_product(f_product_id,f_code,f_product_name,f_os_id,f_model_id,f_vendor_id,f_brand_id,f_operator_id,f_price,f_features,f_remark,f_created_time,f_updated_time,f_deleted) values(41,'G42122','戴尔14zNS',2,1,5,2,2,2890.00,'促销','硬盘容量：500GB','2012-9-13 15:00:20','2012-9-19 15:00:20',0);
insert t_product(f_product_id,f_code,f_product_name,f_os_id,f_model_id,f_vendor_id,f_brand_id,f_operator_id,f_price,f_features,f_remark,f_created_time,f_updated_time,f_deleted) values(42,'X0006','戴尔14R Turbo',2,1,5,2,2,12500.00,'促销','硬盘容量：500GB','2012-9-13 15:00:20','2012-9-19 15:00:20',0);
insert t_product(f_product_id,f_code,f_product_name,f_os_id,f_model_id,f_vendor_id,f_brand_id,f_operator_id,f_price,f_features,f_remark,f_created_time,f_updated_time,f_deleted) values(43,'BM2014','惠普431(B7C02PA)',2,4,1,4,2,2999.00,'促销','硬盘容量：500GB','2012-9-13 15:00:20','2012-9-19 15:00:20',0);
insert t_product(f_product_id,f_code,f_product_name,f_os_id,f_model_id,f_vendor_id,f_brand_id,f_operator_id,f_price,f_features,f_remark,f_created_time,f_updated_time,f_deleted) values(44,'ThinkSD2017','惠普G6-2145TX',3,4,2,4,2,2500.00,'商务机','显卡芯片：NVIDIA GeForce GT 610M','2012-9-13 15:00:20','2012-9-19 15:00:20',0);
insert t_product(f_product_id,f_code,f_product_name,f_os_id,f_model_id,f_vendor_id,f_brand_id,f_operator_id,f_price,f_features,f_remark,f_created_time,f_updated_time,f_deleted) values(45,'G42123','惠普G4-2118TU ',3,4,3,4,2,4999.00,'商务机','显卡芯片：NVIDIA GeForce GT 610M','2012-9-13 15:00:20','2012-9-19 15:00:20',0);
insert t_product(f_product_id,f_code,f_product_name,f_os_id,f_model_id,f_vendor_id,f_brand_id,f_operator_id,f_price,f_features,f_remark,f_created_time,f_updated_time,f_deleted) values(46,'X0007','惠普4436s(C5P68PA)',3,4,4,4,2,4500.00,'商务机','显卡芯片：NVIDIA GeForce GT 610M','2012-9-13 15:00:20','2012-9-19 15:00:20',0);
insert t_product(f_product_id,f_code,f_product_name,f_os_id,f_model_id,f_vendor_id,f_brand_id,f_operator_id,f_price,f_features,f_remark,f_created_time,f_updated_time,f_deleted) values(47,'BM2015','惠普g4-2120TX(C5H41PA)',3,4,5,4,2,4500.00,'游戏','显卡芯片：NVIDIA GeForce GT 610M','2012-9-13 15:00:20','2012-9-19 15:00:20',0);
insert t_product(f_product_id,f_code,f_product_name,f_os_id,f_model_id,f_vendor_id,f_brand_id,f_operator_id,f_price,f_features,f_remark,f_created_time,f_updated_time,f_deleted) values(48,'ThinkSD2018','惠普4441s(B7B95PA)',3,4,2,4,2,2700.00,'游戏','内存容量：4GB','2012-9-13 15:00:20','2012-9-19 15:00:20',0);
insert t_product(f_product_id,f_code,f_product_name,f_os_id,f_model_id,f_vendor_id,f_brand_id,f_operator_id,f_price,f_features,f_remark,f_created_time,f_updated_time,f_deleted) values(49,'G42124','惠普Envy 6-1016TX',3,4,3,4,2,2980.00,'游戏','内存容量：4GB','2012-9-13 15:00:20','2012-9-19 15:00:20',0);
insert t_product(f_product_id,f_code,f_product_name,f_os_id,f_model_id,f_vendor_id,f_brand_id,f_operator_id,f_price,f_features,f_remark,f_created_time,f_updated_time,f_deleted) values(50,'X0008','惠普G4-2118TU',3,4,4,4,2,6500.00,'游戏','内存容量：4GB','2012-9-13 15:00:20','2012-9-19 15:00:20',0);
insert t_product(f_product_id,f_code,f_product_name,f_os_id,f_model_id,f_vendor_id,f_brand_id,f_operator_id,f_price,f_features,f_remark,f_created_time,f_updated_time,f_deleted) values(51,'BM2016','惠普g4-2022tx(B3J58PA)',3,4,5,4,2,8500.00,'游戏','内存容量：4GB','2012-9-13 15:00:20','2012-9-19 15:00:20',0);
insert t_product(f_product_id,f_code,f_product_name,f_os_id,f_model_id,f_vendor_id,f_brand_id,f_operator_id,f_price,f_features,f_remark,f_created_time,f_updated_time,f_deleted) values(52,'ThinkSD2019','戴尔笔记本',1,1,1,2,1,4000.00,'新品','14英寸','2012-9-13 15:00:20','2012-9-19 15:00:20',0);
insert t_product(f_product_id,f_code,f_product_name,f_os_id,f_model_id,f_vendor_id,f_brand_id,f_operator_id,f_price,f_features,f_remark,f_created_time,f_updated_time,f_deleted) values(53,'G42125','戴尔笔记本',1,1,1,2,1,4000.00,'新品','14英寸','2012-9-13 15:00:20','2012-9-19 15:00:20',0);
insert t_product(f_product_id,f_code,f_product_name,f_os_id,f_model_id,f_vendor_id,f_brand_id,f_operator_id,f_price,f_features,f_remark,f_created_time,f_updated_time,f_deleted) values(54,'X0009','联想电脑',2,3,2,1,2,2500.19,'新品','14英寸','2012-9-13 15:00:20','2012-9-19 15:00:20',0);
insert t_product(f_product_id,f_code,f_product_name,f_os_id,f_model_id,f_vendor_id,f_brand_id,f_operator_id,f_price,f_features,f_remark,f_created_time,f_updated_time,f_deleted) values(55,'BM2017','联想笔记本',1,3,1,1,2,2600.19,'畅销','14英寸','2012-9-13 15:00:20','2012-9-19 15:00:20',0);
insert t_product(f_product_id,f_code,f_product_name,f_os_id,f_model_id,f_vendor_id,f_brand_id,f_operator_id,f_price,f_features,f_remark,f_created_time,f_updated_time,f_deleted) values(56,'ThinkSD2020','联想G480AM-IFI',1,3,2,1,2,5500.19,'畅销','14英寸','2012-9-13 15:00:20','2012-9-19 15:00:20',0);
insert t_product(f_product_id,f_code,f_product_name,f_os_id,f_model_id,f_vendor_id,f_brand_id,f_operator_id,f_price,f_features,f_remark,f_created_time,f_updated_time,f_deleted) values(57,'G42126','联想U410-IFI(暮光灰)',1,3,3,1,2,2500.00,'畅销','14英寸','2012-9-13 15:00:20','2012-9-19 15:00:20',0);
insert t_product(f_product_id,f_code,f_product_name,f_os_id,f_model_id,f_vendor_id,f_brand_id,f_operator_id,f_price,f_features,f_remark,f_created_time,f_updated_time,f_deleted) values(58,'X0010','联想G480A-IFI(金属灰)',1,3,4,1,2,4900.01,'畅销','SSD固态硬盘','2012-9-13 15:00:20','2012-9-19 15:00:20',0);
insert t_product(f_product_id,f_code,f_product_name,f_os_id,f_model_id,f_vendor_id,f_brand_id,f_operator_id,f_price,f_features,f_remark,f_created_time,f_updated_time,f_deleted) values(59,'BM2018','联想Y580N-IFI',1,3,5,1,2,6500.02,'畅销','SSD固态硬盘','2012-9-13 15:00:20','2012-9-19 15:00:20',0);
insert t_product(f_product_id,f_code,f_product_name,f_os_id,f_model_id,f_vendor_id,f_brand_id,f_operator_id,f_price,f_features,f_remark,f_created_time,f_updated_time,f_deleted) values(60,'ThinkSD2021','戴尔14z(Ins14zd-1518)',1,1,2,2,2,12500.03,'新品','SSD固态硬盘','2012-9-13 15:00:20','2012-9-19 15:00:20',0);
insert t_product(f_product_id,f_code,f_product_name,f_os_id,f_model_id,f_vendor_id,f_brand_id,f_operator_id,f_price,f_features,f_remark,f_created_time,f_updated_time,f_deleted) values(61,'G42127','戴尔14R Turbo(Ins14TD-1728)',1,1,2,2,2,22500.04,'新品','SSD固态硬盘','2012-9-13 15:00:20','2012-9-19 15:00:20',0);
insert t_product(f_product_id,f_code,f_product_name,f_os_id,f_model_id,f_vendor_id,f_brand_id,f_operator_id,f_price,f_features,f_remark,f_created_time,f_updated_time,f_deleted) values(62,'X0011','戴尔DNAS',1,1,1,2,2,2500.00,'新品','SSD固态硬盘','2012-9-13 15:00:20','2012-9-19 15:00:20',0);
insert t_product(f_product_id,f_code,f_product_name,f_os_id,f_model_id,f_vendor_id,f_brand_id,f_operator_id,f_price,f_features,f_remark,f_created_time,f_updated_time,f_deleted) values(63,'BM2019','戴尔MOSJ',1,1,3,2,2,2500.00,'新品','SSD固态硬盘','2012-9-13 15:00:20','2012-9-19 15:00:20',0);
insert t_product(f_product_id,f_code,f_product_name,f_os_id,f_model_id,f_vendor_id,f_brand_id,f_operator_id,f_price,f_features,f_remark,f_created_time,f_updated_time,f_deleted) values(64,'ThinkSD2022','戴尔17R SD',2,1,3,2,2,2500.00,'新品','硬盘容量：500GB','2012-9-13 15:00:20','2012-9-19 15:00:20',0);
insert t_product(f_product_id,f_code,f_product_name,f_os_id,f_model_id,f_vendor_id,f_brand_id,f_operator_id,f_price,f_features,f_remark,f_created_time,f_updated_time,f_deleted) values(65,'G42128','戴尔XPS 13D-138',2,1,4,2,2,2500.00,'促销','硬盘容量：500GB','2012-9-13 15:00:20','2012-9-19 15:00:20',0);
insert t_product(f_product_id,f_code,f_product_name,f_os_id,f_model_id,f_vendor_id,f_brand_id,f_operator_id,f_price,f_features,f_remark,f_created_time,f_updated_time,f_deleted) values(66,'X0012','戴尔14R Turbo(Ins14TD-1728)',2,1,4,2,2,3523.00,'促销','硬盘容量：500GB','2012-9-13 15:00:20','2012-9-19 15:00:20',0);
insert t_product(f_product_id,f_code,f_product_name,f_os_id,f_model_id,f_vendor_id,f_brand_id,f_operator_id,f_price,f_features,f_remark,f_created_time,f_updated_time,f_deleted) values(67,'BM2020','戴尔14zNS',2,1,5,2,2,2890.00,'促销','硬盘容量：500GB','2012-9-13 15:00:20','2012-9-19 15:00:20',0);
insert t_product(f_product_id,f_code,f_product_name,f_os_id,f_model_id,f_vendor_id,f_brand_id,f_operator_id,f_price,f_features,f_remark,f_created_time,f_updated_time,f_deleted) values(68,'ThinkSD2023','戴尔14R Turbo',2,1,5,2,2,12500.00,'促销','硬盘容量：500GB','2012-9-13 15:00:20','2012-9-19 15:00:20',0);
insert t_product(f_product_id,f_code,f_product_name,f_os_id,f_model_id,f_vendor_id,f_brand_id,f_operator_id,f_price,f_features,f_remark,f_created_time,f_updated_time,f_deleted) values(69,'G42129','惠普431(B7C02PA)',2,4,1,4,2,2999.00,'促销','硬盘容量：500GB','2012-9-13 15:00:20','2012-9-19 15:00:20',0);
insert t_product(f_product_id,f_code,f_product_name,f_os_id,f_model_id,f_vendor_id,f_brand_id,f_operator_id,f_price,f_features,f_remark,f_created_time,f_updated_time,f_deleted) values(70,'X0013','惠普G6-2145TX',3,4,2,4,2,2500.00,'商务机','显卡芯片：NVIDIA GeForce GT 610M','2012-9-13 15:00:20','2012-9-19 15:00:20',0);
insert t_product(f_product_id,f_code,f_product_name,f_os_id,f_model_id,f_vendor_id,f_brand_id,f_operator_id,f_price,f_features,f_remark,f_created_time,f_updated_time,f_deleted) values(71,'BM2021','惠普G4-2118TU ',3,4,3,4,2,4999.00,'商务机','显卡芯片：NVIDIA GeForce GT 610M','2012-9-13 15:00:20','2012-9-19 15:00:20',0);
insert t_product(f_product_id,f_code,f_product_name,f_os_id,f_model_id,f_vendor_id,f_brand_id,f_operator_id,f_price,f_features,f_remark,f_created_time,f_updated_time,f_deleted) values(72,'ThinkSD2024','惠普4436s(C5P68PA)',3,4,4,4,2,4500.00,'商务机','显卡芯片：NVIDIA GeForce GT 610M','2012-9-13 15:00:20','2012-9-19 15:00:20',0);
insert t_product(f_product_id,f_code,f_product_name,f_os_id,f_model_id,f_vendor_id,f_brand_id,f_operator_id,f_price,f_features,f_remark,f_created_time,f_updated_time,f_deleted) values(73,'G42130','惠普g4-2120TX(C5H41PA)',3,4,5,4,2,4500.00,'游戏','显卡芯片：NVIDIA GeForce GT 610M','2012-9-13 15:00:20','2012-9-19 15:00:20',0);
insert t_product(f_product_id,f_code,f_product_name,f_os_id,f_model_id,f_vendor_id,f_brand_id,f_operator_id,f_price,f_features,f_remark,f_created_time,f_updated_time,f_deleted) values(74,'X0014','惠普4441s(B7B95PA)',3,4,2,4,2,2700.00,'游戏','内存容量：4GB','2012-9-13 15:00:20','2012-9-19 15:00:20',0);
insert t_product(f_product_id,f_code,f_product_name,f_os_id,f_model_id,f_vendor_id,f_brand_id,f_operator_id,f_price,f_features,f_remark,f_created_time,f_updated_time,f_deleted) values(75,'BM2022','惠普Envy 6-1016TX',3,4,3,4,2,2980.00,'游戏','内存容量：4GB','2012-9-13 15:00:20','2012-9-19 15:00:20',0);
insert t_product(f_product_id,f_code,f_product_name,f_os_id,f_model_id,f_vendor_id,f_brand_id,f_operator_id,f_price,f_features,f_remark,f_created_time,f_updated_time,f_deleted) values(76,'ThinkSD2025','惠普G4-2118TU',3,4,4,4,2,6500.00,'游戏','内存容量：4GB','2012-9-13 15:00:20','2012-9-19 15:00:20',0);
insert t_product(f_product_id,f_code,f_product_name,f_os_id,f_model_id,f_vendor_id,f_brand_id,f_operator_id,f_price,f_features,f_remark,f_created_time,f_updated_time,f_deleted) values(77,'G42131','惠普g4-2022tx(B3J58PA)',3,4,5,4,2,8500.00,'游戏','内存容量：4GB','2012-9-13 15:00:20','2012-9-19 15:00:20',0);
insert t_product(f_product_id,f_code,f_product_name,f_os_id,f_model_id,f_vendor_id,f_brand_id,f_operator_id,f_price,f_features,f_remark,f_created_time,f_updated_time,f_deleted) values(78,'X0015','戴尔笔记本',1,1,1,2,1,4000.00,'新品','14英寸','2012-9-13 15:00:20','2012-9-19 15:00:20',0);
insert t_product(f_product_id,f_code,f_product_name,f_os_id,f_model_id,f_vendor_id,f_brand_id,f_operator_id,f_price,f_features,f_remark,f_created_time,f_updated_time,f_deleted) values(79,'BM2023','戴尔笔记本',1,1,1,2,1,4000.00,'新品','14英寸','2012-9-13 15:00:20','2012-9-19 15:00:20',0);
insert t_product(f_product_id,f_code,f_product_name,f_os_id,f_model_id,f_vendor_id,f_brand_id,f_operator_id,f_price,f_features,f_remark,f_created_time,f_updated_time,f_deleted) values(80,'ThinkSD2026','联想电脑',2,3,2,1,2,2500.19,'新品','14英寸','2012-9-13 15:00:20','2012-9-19 15:00:20',0);
insert t_product(f_product_id,f_code,f_product_name,f_os_id,f_model_id,f_vendor_id,f_brand_id,f_operator_id,f_price,f_features,f_remark,f_created_time,f_updated_time,f_deleted) values(81,'G42132','联想笔记本',1,3,1,1,2,2600.19,'畅销','14英寸','2012-9-13 15:00:20','2012-9-19 15:00:20',0);
insert t_product(f_product_id,f_code,f_product_name,f_os_id,f_model_id,f_vendor_id,f_brand_id,f_operator_id,f_price,f_features,f_remark,f_created_time,f_updated_time,f_deleted) values(82,'X0016','联想G480AM-IFI',1,3,2,1,2,5500.19,'畅销','14英寸','2012-9-13 15:00:20','2012-9-19 15:00:20',0);
insert t_product(f_product_id,f_code,f_product_name,f_os_id,f_model_id,f_vendor_id,f_brand_id,f_operator_id,f_price,f_features,f_remark,f_created_time,f_updated_time,f_deleted) values(83,'BM2024','联想U410-IFI(暮光灰)',1,3,3,1,2,2500.00,'畅销','14英寸','2012-9-13 15:00:20','2012-9-19 15:00:20',0);
insert t_product(f_product_id,f_code,f_product_name,f_os_id,f_model_id,f_vendor_id,f_brand_id,f_operator_id,f_price,f_features,f_remark,f_created_time,f_updated_time,f_deleted) values(84,'ThinkSD2027','联想G480A-IFI(金属灰)',1,3,4,1,2,4900.01,'畅销','SSD固态硬盘','2012-9-13 15:00:20','2012-9-19 15:00:20',0);
insert t_product(f_product_id,f_code,f_product_name,f_os_id,f_model_id,f_vendor_id,f_brand_id,f_operator_id,f_price,f_features,f_remark,f_created_time,f_updated_time,f_deleted) values(85,'G42133','联想Y580N-IFI',1,3,5,1,2,6500.02,'畅销','SSD固态硬盘','2012-9-13 15:00:20','2012-9-19 15:00:20',0);
insert t_product(f_product_id,f_code,f_product_name,f_os_id,f_model_id,f_vendor_id,f_brand_id,f_operator_id,f_price,f_features,f_remark,f_created_time,f_updated_time,f_deleted) values(86,'X0017','戴尔14z(Ins14zd-1518)',1,1,2,2,2,12500.03,'新品','SSD固态硬盘','2012-9-13 15:00:20','2012-9-19 15:00:20',0);
insert t_product(f_product_id,f_code,f_product_name,f_os_id,f_model_id,f_vendor_id,f_brand_id,f_operator_id,f_price,f_features,f_remark,f_created_time,f_updated_time,f_deleted) values(87,'BM2025','戴尔14R Turbo(Ins14TD-1728)',1,1,2,2,2,22500.04,'新品','SSD固态硬盘','2012-9-13 15:00:20','2012-9-19 15:00:20',0);
insert t_product(f_product_id,f_code,f_product_name,f_os_id,f_model_id,f_vendor_id,f_brand_id,f_operator_id,f_price,f_features,f_remark,f_created_time,f_updated_time,f_deleted) values(88,'ThinkSD2028','戴尔DNAS',1,1,1,2,2,2500.00,'新品','SSD固态硬盘','2012-9-13 15:00:20','2012-9-19 15:00:20',0);
insert t_product(f_product_id,f_code,f_product_name,f_os_id,f_model_id,f_vendor_id,f_brand_id,f_operator_id,f_price,f_features,f_remark,f_created_time,f_updated_time,f_deleted) values(89,'G42134','戴尔MOSJ',1,1,3,2,2,2500.00,'新品','SSD固态硬盘','2012-9-13 15:00:20','2012-9-19 15:00:20',0);
insert t_product(f_product_id,f_code,f_product_name,f_os_id,f_model_id,f_vendor_id,f_brand_id,f_operator_id,f_price,f_features,f_remark,f_created_time,f_updated_time,f_deleted) values(90,'X0018','戴尔17R SD',2,1,3,2,2,2500.00,'新品','硬盘容量：500GB','2012-9-13 15:00:20','2012-9-19 15:00:20',0);
insert t_product(f_product_id,f_code,f_product_name,f_os_id,f_model_id,f_vendor_id,f_brand_id,f_operator_id,f_price,f_features,f_remark,f_created_time,f_updated_time,f_deleted) values(91,'BM2026','戴尔XPS 13D-138',2,1,4,2,2,2500.00,'促销','硬盘容量：500GB','2012-9-13 15:00:20','2012-9-19 15:00:20',0);
insert t_product(f_product_id,f_code,f_product_name,f_os_id,f_model_id,f_vendor_id,f_brand_id,f_operator_id,f_price,f_features,f_remark,f_created_time,f_updated_time,f_deleted) values(92,'ThinkSD2029','戴尔14R Turbo(Ins14TD-1728)',2,1,4,2,2,3523.00,'促销','硬盘容量：500GB','2012-9-13 15:00:20','2012-9-19 15:00:20',0);
insert t_product(f_product_id,f_code,f_product_name,f_os_id,f_model_id,f_vendor_id,f_brand_id,f_operator_id,f_price,f_features,f_remark,f_created_time,f_updated_time,f_deleted) values(93,'G42135','戴尔14zNS',2,1,5,2,2,2890.00,'促销','硬盘容量：500GB','2012-9-13 15:00:20','2012-9-19 15:00:20',0);
insert t_product(f_product_id,f_code,f_product_name,f_os_id,f_model_id,f_vendor_id,f_brand_id,f_operator_id,f_price,f_features,f_remark,f_created_time,f_updated_time,f_deleted) values(94,'X0019','戴尔14R Turbo',2,1,5,2,2,12500.00,'促销','硬盘容量：500GB','2012-9-13 15:00:20','2012-9-19 15:00:20',0);
insert t_product(f_product_id,f_code,f_product_name,f_os_id,f_model_id,f_vendor_id,f_brand_id,f_operator_id,f_price,f_features,f_remark,f_created_time,f_updated_time,f_deleted) values(95,'BM2027','惠普431(B7C02PA)',2,4,1,4,2,2999.00,'促销','硬盘容量：500GB','2012-9-13 15:00:20','2012-9-19 15:00:20',0);
insert t_product(f_product_id,f_code,f_product_name,f_os_id,f_model_id,f_vendor_id,f_brand_id,f_operator_id,f_price,f_features,f_remark,f_created_time,f_updated_time,f_deleted) values(96,'ThinkSD2030','惠普G6-2145TX',3,4,2,4,2,2500.00,'商务机','显卡芯片：NVIDIA GeForce GT 610M','2012-9-13 15:00:20','2012-9-19 15:00:20',0);
insert t_product(f_product_id,f_code,f_product_name,f_os_id,f_model_id,f_vendor_id,f_brand_id,f_operator_id,f_price,f_features,f_remark,f_created_time,f_updated_time,f_deleted) values(97,'G42136','惠普G4-2118TU ',3,4,3,4,2,4999.00,'商务机','显卡芯片：NVIDIA GeForce GT 610M','2012-9-13 15:00:20','2012-9-19 15:00:20',0);
insert t_product(f_product_id,f_code,f_product_name,f_os_id,f_model_id,f_vendor_id,f_brand_id,f_operator_id,f_price,f_features,f_remark,f_created_time,f_updated_time,f_deleted) values(98,'X0020','惠普4436s(C5P68PA)',3,4,4,4,2,4500.00,'商务机','显卡芯片：NVIDIA GeForce GT 610M','2012-9-13 15:00:20','2012-9-19 15:00:20',0);
insert t_product(f_product_id,f_code,f_product_name,f_os_id,f_model_id,f_vendor_id,f_brand_id,f_operator_id,f_price,f_features,f_remark,f_created_time,f_updated_time,f_deleted) values(99,'BM2028','惠普g4-2120TX(C5H41PA)',3,4,5,4,2,4500.00,'游戏','显卡芯片：NVIDIA GeForce GT 610M','2012-9-13 15:00:20','2012-9-19 15:00:20',0);
insert t_product(f_product_id,f_code,f_product_name,f_os_id,f_model_id,f_vendor_id,f_brand_id,f_operator_id,f_price,f_features,f_remark,f_created_time,f_updated_time,f_deleted) values(100,'ThinkSD2031','惠普4441s(B7B95PA)',3,4,2,4,2,2700.00,'游戏','内存容量：4GB','2012-9-13 15:00:20','2012-9-19 15:00:20',0);
insert t_product(f_product_id,f_code,f_product_name,f_os_id,f_model_id,f_vendor_id,f_brand_id,f_operator_id,f_price,f_features,f_remark,f_created_time,f_updated_time,f_deleted) values(101,'G42137','惠普Envy 6-1016TX',3,4,3,4,2,2980.00,'游戏','内存容量：4GB','2012-9-13 15:00:20','2012-9-19 15:00:20',0);
insert t_product(f_product_id,f_code,f_product_name,f_os_id,f_model_id,f_vendor_id,f_brand_id,f_operator_id,f_price,f_features,f_remark,f_created_time,f_updated_time,f_deleted) values(102,'X0021','惠普G4-2118TU',3,4,4,4,2,6500.00,'游戏','内存容量：4GB','2012-9-13 15:00:20','2012-9-19 15:00:20',0);
insert t_product(f_product_id,f_code,f_product_name,f_os_id,f_model_id,f_vendor_id,f_brand_id,f_operator_id,f_price,f_features,f_remark,f_created_time,f_updated_time,f_deleted) values(103,'BM2029','惠普g4-2022tx(B3J58PA)',3,4,5,4,2,8500.00,'游戏','内存容量：4GB','2012-9-13 15:00:20','2012-9-19 15:00:20',0);
insert t_product(f_product_id,f_code,f_product_name,f_os_id,f_model_id,f_vendor_id,f_brand_id,f_operator_id,f_price,f_features,f_remark,f_created_time,f_updated_time,f_deleted) values(104,'ThinkSD2032','戴尔笔记本',1,1,1,2,1,4000.00,'新品','14英寸','2012-9-13 15:00:20','2012-9-19 15:00:20',0);
insert t_product(f_product_id,f_code,f_product_name,f_os_id,f_model_id,f_vendor_id,f_brand_id,f_operator_id,f_price,f_features,f_remark,f_created_time,f_updated_time,f_deleted) values(105,'G42138','戴尔笔记本',1,1,1,2,1,4000.00,'新品','14英寸','2012-9-13 15:00:20','2012-9-19 15:00:20',0);
insert t_product(f_product_id,f_code,f_product_name,f_os_id,f_model_id,f_vendor_id,f_brand_id,f_operator_id,f_price,f_features,f_remark,f_created_time,f_updated_time,f_deleted) values(106,'X0022','联想电脑',2,3,2,1,2,2500.19,'新品','14英寸','2012-9-13 15:00:20','2012-9-19 15:00:20',0);
insert t_product(f_product_id,f_code,f_product_name,f_os_id,f_model_id,f_vendor_id,f_brand_id,f_operator_id,f_price,f_features,f_remark,f_created_time,f_updated_time,f_deleted) values(107,'BM2030','联想笔记本',1,3,1,1,2,2600.19,'畅销','14英寸','2012-9-13 15:00:20','2012-9-19 15:00:20',0);
insert t_product(f_product_id,f_code,f_product_name,f_os_id,f_model_id,f_vendor_id,f_brand_id,f_operator_id,f_price,f_features,f_remark,f_created_time,f_updated_time,f_deleted) values(108,'ThinkSD2033','联想G480AM-IFI',1,3,2,1,2,5500.19,'畅销','14英寸','2012-9-13 15:00:20','2012-9-19 15:00:20',0);
insert t_product(f_product_id,f_code,f_product_name,f_os_id,f_model_id,f_vendor_id,f_brand_id,f_operator_id,f_price,f_features,f_remark,f_created_time,f_updated_time,f_deleted) values(109,'G42139','联想U410-IFI(暮光灰)',1,3,3,1,2,2500.00,'畅销','14英寸','2012-9-13 15:00:20','2012-9-19 15:00:20',0);
insert t_product(f_product_id,f_code,f_product_name,f_os_id,f_model_id,f_vendor_id,f_brand_id,f_operator_id,f_price,f_features,f_remark,f_created_time,f_updated_time,f_deleted) values(110,'X0023','联想G480A-IFI(金属灰)',1,3,4,1,2,4900.01,'畅销','SSD固态硬盘','2012-9-13 15:00:20','2012-9-19 15:00:20',0);
insert t_product(f_product_id,f_code,f_product_name,f_os_id,f_model_id,f_vendor_id,f_brand_id,f_operator_id,f_price,f_features,f_remark,f_created_time,f_updated_time,f_deleted) values(111,'BM2031','联想Y580N-IFI',1,3,5,1,2,6500.02,'畅销','SSD固态硬盘','2012-9-13 15:00:20','2012-9-19 15:00:20',0);
insert t_product(f_product_id,f_code,f_product_name,f_os_id,f_model_id,f_vendor_id,f_brand_id,f_operator_id,f_price,f_features,f_remark,f_created_time,f_updated_time,f_deleted) values(112,'ThinkSD2034','戴尔14z(Ins14zd-1518)',1,1,2,2,2,12500.03,'新品','SSD固态硬盘','2012-9-13 15:00:20','2012-9-19 15:00:20',0);
insert t_product(f_product_id,f_code,f_product_name,f_os_id,f_model_id,f_vendor_id,f_brand_id,f_operator_id,f_price,f_features,f_remark,f_created_time,f_updated_time,f_deleted) values(113,'G42140','戴尔14R Turbo(Ins14TD-1728)',1,1,2,2,2,22500.04,'新品','SSD固态硬盘','2012-9-13 15:00:20','2012-9-19 15:00:20',0);
insert t_product(f_product_id,f_code,f_product_name,f_os_id,f_model_id,f_vendor_id,f_brand_id,f_operator_id,f_price,f_features,f_remark,f_created_time,f_updated_time,f_deleted) values(114,'X0024','戴尔DNAS',1,1,1,2,2,2500.00,'新品','SSD固态硬盘','2012-9-13 15:00:20','2012-9-19 15:00:20',0);
insert t_product(f_product_id,f_code,f_product_name,f_os_id,f_model_id,f_vendor_id,f_brand_id,f_operator_id,f_price,f_features,f_remark,f_created_time,f_updated_time,f_deleted) values(115,'BM2032','戴尔MOSJ',1,1,3,2,2,2500.00,'新品','SSD固态硬盘','2012-9-13 15:00:20','2012-9-19 15:00:20',0);
insert t_product(f_product_id,f_code,f_product_name,f_os_id,f_model_id,f_vendor_id,f_brand_id,f_operator_id,f_price,f_features,f_remark,f_created_time,f_updated_time,f_deleted) values(116,'ThinkSD2035','戴尔17R SD',2,1,3,2,2,2500.00,'新品','硬盘容量：500GB','2012-9-13 15:00:20','2012-9-19 15:00:20',0);
insert t_product(f_product_id,f_code,f_product_name,f_os_id,f_model_id,f_vendor_id,f_brand_id,f_operator_id,f_price,f_features,f_remark,f_created_time,f_updated_time,f_deleted) values(117,'G42141','戴尔XPS 13D-138',2,1,4,2,2,2500.00,'促销','硬盘容量：500GB','2012-9-13 15:00:20','2012-9-19 15:00:20',0);
insert t_product(f_product_id,f_code,f_product_name,f_os_id,f_model_id,f_vendor_id,f_brand_id,f_operator_id,f_price,f_features,f_remark,f_created_time,f_updated_time,f_deleted) values(118,'X0025','戴尔14R Turbo(Ins14TD-1728)',2,1,4,2,2,3523.00,'促销','硬盘容量：500GB','2012-9-13 15:00:20','2012-9-19 15:00:20',0);
insert t_product(f_product_id,f_code,f_product_name,f_os_id,f_model_id,f_vendor_id,f_brand_id,f_operator_id,f_price,f_features,f_remark,f_created_time,f_updated_time,f_deleted) values(119,'BM2033','戴尔14zNS',2,1,5,2,2,2890.00,'促销','硬盘容量：500GB','2012-9-13 15:00:20','2012-9-19 15:00:20',0);
insert t_product(f_product_id,f_code,f_product_name,f_os_id,f_model_id,f_vendor_id,f_brand_id,f_operator_id,f_price,f_features,f_remark,f_created_time,f_updated_time,f_deleted) values(120,'ThinkSD2036','戴尔14R Turbo',2,1,5,2,2,12500.00,'促销','硬盘容量：500GB','2012-9-13 15:00:20','2012-9-19 15:00:20',0);
insert t_product(f_product_id,f_code,f_product_name,f_os_id,f_model_id,f_vendor_id,f_brand_id,f_operator_id,f_price,f_features,f_remark,f_created_time,f_updated_time,f_deleted) values(121,'G42142','惠普431(B7C02PA)',2,4,1,4,2,2999.00,'促销','硬盘容量：500GB','2012-9-13 15:00:20','2012-9-19 15:00:20',0);
insert t_product(f_product_id,f_code,f_product_name,f_os_id,f_model_id,f_vendor_id,f_brand_id,f_operator_id,f_price,f_features,f_remark,f_created_time,f_updated_time,f_deleted) values(122,'X0026','惠普G6-2145TX',3,4,2,4,2,2500.00,'商务机','显卡芯片：NVIDIA GeForce GT 610M','2012-9-13 15:00:20','2012-9-19 15:00:20',0);
insert t_product(f_product_id,f_code,f_product_name,f_os_id,f_model_id,f_vendor_id,f_brand_id,f_operator_id,f_price,f_features,f_remark,f_created_time,f_updated_time,f_deleted) values(123,'BM2034','惠普G4-2118TU ',3,4,3,4,2,4999.00,'商务机','显卡芯片：NVIDIA GeForce GT 610M','2012-9-13 15:00:20','2012-9-19 15:00:20',0);
insert t_product(f_product_id,f_code,f_product_name,f_os_id,f_model_id,f_vendor_id,f_brand_id,f_operator_id,f_price,f_features,f_remark,f_created_time,f_updated_time,f_deleted) values(124,'ThinkSD2037','惠普4436s(C5P68PA)',3,4,4,4,2,4500.00,'商务机','显卡芯片：NVIDIA GeForce GT 610M','2012-9-13 15:00:20','2012-9-19 15:00:20',0);
insert t_product(f_product_id,f_code,f_product_name,f_os_id,f_model_id,f_vendor_id,f_brand_id,f_operator_id,f_price,f_features,f_remark,f_created_time,f_updated_time,f_deleted) values(125,'G42143','惠普g4-2120TX(C5H41PA)',3,4,5,4,2,4500.00,'游戏','显卡芯片：NVIDIA GeForce GT 610M','2012-9-13 15:00:20','2012-9-19 15:00:20',0);
insert t_product(f_product_id,f_code,f_product_name,f_os_id,f_model_id,f_vendor_id,f_brand_id,f_operator_id,f_price,f_features,f_remark,f_created_time,f_updated_time,f_deleted) values(126,'X0027','惠普4441s(B7B95PA)',3,4,2,4,2,2700.00,'游戏','内存容量：4GB','2012-9-13 15:00:20','2012-9-19 15:00:20',0);
insert t_product(f_product_id,f_code,f_product_name,f_os_id,f_model_id,f_vendor_id,f_brand_id,f_operator_id,f_price,f_features,f_remark,f_created_time,f_updated_time,f_deleted) values(127,'BM2035','惠普Envy 6-1016TX',3,4,3,4,2,2980.00,'游戏','内存容量：4GB','2012-9-13 15:00:20','2012-9-19 15:00:20',0);
insert t_product(f_product_id,f_code,f_product_name,f_os_id,f_model_id,f_vendor_id,f_brand_id,f_operator_id,f_price,f_features,f_remark,f_created_time,f_updated_time,f_deleted) values(128,'ThinkSD2038','惠普G4-2118TU',3,4,4,4,2,6500.00,'游戏','内存容量：4GB','2012-9-13 15:00:20','2012-9-19 15:00:20',0);
insert t_product(f_product_id,f_code,f_product_name,f_os_id,f_model_id,f_vendor_id,f_brand_id,f_operator_id,f_price,f_features,f_remark,f_created_time,f_updated_time,f_deleted) values(129,'G42144','惠普g4-2022tx(B3J58PA)',3,4,5,4,2,8500.00,'游戏','内存容量：4GB','2012-9-13 15:00:20','2012-9-19 15:00:20',0);
insert t_product(f_product_id,f_code,f_product_name,f_os_id,f_model_id,f_vendor_id,f_brand_id,f_operator_id,f_price,f_features,f_remark,f_created_time,f_updated_time,f_deleted) values(130,'X0028','戴尔笔记本',1,1,1,2,1,4000.00,'新品','14英寸','2012-9-13 15:00:20','2012-9-19 15:00:20',0);
insert t_product(f_product_id,f_code,f_product_name,f_os_id,f_model_id,f_vendor_id,f_brand_id,f_operator_id,f_price,f_features,f_remark,f_created_time,f_updated_time,f_deleted) values(131,'BM2036','戴尔笔记本',1,1,1,2,1,4000.00,'新品','14英寸','2012-9-13 15:00:20','2012-9-19 15:00:20',0);
insert t_product(f_product_id,f_code,f_product_name,f_os_id,f_model_id,f_vendor_id,f_brand_id,f_operator_id,f_price,f_features,f_remark,f_created_time,f_updated_time,f_deleted) values(132,'ThinkSD2039','联想电脑',2,3,2,1,2,2500.19,'新品','14英寸','2012-9-13 15:00:20','2012-9-19 15:00:20',0);
insert t_product(f_product_id,f_code,f_product_name,f_os_id,f_model_id,f_vendor_id,f_brand_id,f_operator_id,f_price,f_features,f_remark,f_created_time,f_updated_time,f_deleted) values(133,'G42145','联想笔记本',1,3,1,1,2,2600.19,'畅销','14英寸','2012-9-13 15:00:20','2012-9-19 15:00:20',0);
insert t_product(f_product_id,f_code,f_product_name,f_os_id,f_model_id,f_vendor_id,f_brand_id,f_operator_id,f_price,f_features,f_remark,f_created_time,f_updated_time,f_deleted) values(134,'X0029','联想G480AM-IFI',1,3,2,1,2,5500.19,'畅销','14英寸','2012-9-13 15:00:20','2012-9-19 15:00:20',0);
insert t_product(f_product_id,f_code,f_product_name,f_os_id,f_model_id,f_vendor_id,f_brand_id,f_operator_id,f_price,f_features,f_remark,f_created_time,f_updated_time,f_deleted) values(135,'BM2037','联想U410-IFI(暮光灰)',1,3,3,1,2,2500.00,'畅销','14英寸','2012-9-13 15:00:20','2012-9-19 15:00:20',0);
insert t_product(f_product_id,f_code,f_product_name,f_os_id,f_model_id,f_vendor_id,f_brand_id,f_operator_id,f_price,f_features,f_remark,f_created_time,f_updated_time,f_deleted) values(136,'ThinkSD2040','联想G480A-IFI(金属灰)',1,3,4,1,2,4900.01,'畅销','SSD固态硬盘','2012-9-13 15:00:20','2012-9-19 15:00:20',0);
insert t_product(f_product_id,f_code,f_product_name,f_os_id,f_model_id,f_vendor_id,f_brand_id,f_operator_id,f_price,f_features,f_remark,f_created_time,f_updated_time,f_deleted) values(137,'G42146','联想Y580N-IFI',1,3,5,1,2,6500.02,'畅销','SSD固态硬盘','2012-9-13 15:00:20','2012-9-19 15:00:20',0);
insert t_product(f_product_id,f_code,f_product_name,f_os_id,f_model_id,f_vendor_id,f_brand_id,f_operator_id,f_price,f_features,f_remark,f_created_time,f_updated_time,f_deleted) values(138,'X0030','戴尔14z(Ins14zd-1518)',1,1,2,2,2,12500.03,'新品','SSD固态硬盘','2012-9-13 15:00:20','2012-9-19 15:00:20',0);
insert t_product(f_product_id,f_code,f_product_name,f_os_id,f_model_id,f_vendor_id,f_brand_id,f_operator_id,f_price,f_features,f_remark,f_created_time,f_updated_time,f_deleted) values(139,'BM2038','戴尔14R Turbo(Ins14TD-1728)',1,1,2,2,2,22500.04,'新品','SSD固态硬盘','2012-9-13 15:00:20','2012-9-19 15:00:20',0);
insert t_product(f_product_id,f_code,f_product_name,f_os_id,f_model_id,f_vendor_id,f_brand_id,f_operator_id,f_price,f_features,f_remark,f_created_time,f_updated_time,f_deleted) values(140,'ThinkSD2041','戴尔DNAS',1,1,1,2,2,2500.00,'新品','SSD固态硬盘','2012-9-13 15:00:20','2012-9-19 15:00:20',0);
insert t_product(f_product_id,f_code,f_product_name,f_os_id,f_model_id,f_vendor_id,f_brand_id,f_operator_id,f_price,f_features,f_remark,f_created_time,f_updated_time,f_deleted) values(141,'G42147','戴尔MOSJ',1,1,3,2,2,2500.00,'新品','SSD固态硬盘','2012-9-13 15:00:20','2012-9-19 15:00:20',0);
insert t_product(f_product_id,f_code,f_product_name,f_os_id,f_model_id,f_vendor_id,f_brand_id,f_operator_id,f_price,f_features,f_remark,f_created_time,f_updated_time,f_deleted) values(142,'X0031','戴尔17R SD',2,1,3,2,2,2500.00,'新品','硬盘容量：500GB','2012-9-13 15:00:20','2012-9-19 15:00:20',0);
insert t_product(f_product_id,f_code,f_product_name,f_os_id,f_model_id,f_vendor_id,f_brand_id,f_operator_id,f_price,f_features,f_remark,f_created_time,f_updated_time,f_deleted) values(143,'BM2039','戴尔XPS 13D-138',2,1,4,2,2,2500.00,'促销','硬盘容量：500GB','2012-9-13 15:00:20','2012-9-19 15:00:20',0);
insert t_product(f_product_id,f_code,f_product_name,f_os_id,f_model_id,f_vendor_id,f_brand_id,f_operator_id,f_price,f_features,f_remark,f_created_time,f_updated_time,f_deleted) values(144,'ThinkSD2042','戴尔14R Turbo(Ins14TD-1728)',2,1,4,2,2,3523.00,'促销','硬盘容量：500GB','2012-9-13 15:00:20','2012-9-19 15:00:20',0);
insert t_product(f_product_id,f_code,f_product_name,f_os_id,f_model_id,f_vendor_id,f_brand_id,f_operator_id,f_price,f_features,f_remark,f_created_time,f_updated_time,f_deleted) values(145,'G42148','戴尔14zNS',2,1,5,2,2,2890.00,'促销','硬盘容量：500GB','2012-9-13 15:00:20','2012-9-19 15:00:20',0);
insert t_product(f_product_id,f_code,f_product_name,f_os_id,f_model_id,f_vendor_id,f_brand_id,f_operator_id,f_price,f_features,f_remark,f_created_time,f_updated_time,f_deleted) values(146,'X0032','戴尔14R Turbo',2,1,5,2,2,12500.00,'促销','硬盘容量：500GB','2012-9-13 15:00:20','2012-9-19 15:00:20',0);
insert t_product(f_product_id,f_code,f_product_name,f_os_id,f_model_id,f_vendor_id,f_brand_id,f_operator_id,f_price,f_features,f_remark,f_created_time,f_updated_time,f_deleted) values(147,'BM2040','惠普431(B7C02PA)',2,4,1,4,2,2999.00,'促销','硬盘容量：500GB','2012-9-13 15:00:20','2012-9-19 15:00:20',0);
insert t_product(f_product_id,f_code,f_product_name,f_os_id,f_model_id,f_vendor_id,f_brand_id,f_operator_id,f_price,f_features,f_remark,f_created_time,f_updated_time,f_deleted) values(148,'ThinkSD2043','惠普G6-2145TX',3,4,2,4,2,2500.00,'商务机','显卡芯片：NVIDIA GeForce GT 610M','2012-9-13 15:00:20','2012-9-19 15:00:20',0);
insert t_product(f_product_id,f_code,f_product_name,f_os_id,f_model_id,f_vendor_id,f_brand_id,f_operator_id,f_price,f_features,f_remark,f_created_time,f_updated_time,f_deleted) values(149,'G42149','惠普G4-2118TU ',3,4,3,4,2,4999.00,'商务机','显卡芯片：NVIDIA GeForce GT 610M','2012-9-13 15:00:20','2012-9-19 15:00:20',0);
insert t_product(f_product_id,f_code,f_product_name,f_os_id,f_model_id,f_vendor_id,f_brand_id,f_operator_id,f_price,f_features,f_remark,f_created_time,f_updated_time,f_deleted) values(150,'X0033','惠普4436s(C5P68PA)',3,4,4,4,2,4500.00,'商务机','显卡芯片：NVIDIA GeForce GT 610M','2012-9-13 15:00:20','2012-9-19 15:00:20',0);
insert t_product(f_product_id,f_code,f_product_name,f_os_id,f_model_id,f_vendor_id,f_brand_id,f_operator_id,f_price,f_features,f_remark,f_created_time,f_updated_time,f_deleted) values(151,'BM2041','惠普g4-2120TX(C5H41PA)',3,4,5,4,2,4500.00,'游戏','显卡芯片：NVIDIA GeForce GT 610M','2012-9-13 15:00:20','2012-9-19 15:00:20',0);
insert t_product(f_product_id,f_code,f_product_name,f_os_id,f_model_id,f_vendor_id,f_brand_id,f_operator_id,f_price,f_features,f_remark,f_created_time,f_updated_time,f_deleted) values(152,'ThinkSD2044','惠普4441s(B7B95PA)',3,4,2,4,2,2700.00,'游戏','内存容量：4GB','2012-9-13 15:00:20','2012-9-19 15:00:20',0);
insert t_product(f_product_id,f_code,f_product_name,f_os_id,f_model_id,f_vendor_id,f_brand_id,f_operator_id,f_price,f_features,f_remark,f_created_time,f_updated_time,f_deleted) values(153,'G42150','惠普Envy 6-1016TX',3,4,3,4,2,2980.00,'游戏','内存容量：4GB','2012-9-13 15:00:20','2012-9-19 15:00:20',0);
insert t_product(f_product_id,f_code,f_product_name,f_os_id,f_model_id,f_vendor_id,f_brand_id,f_operator_id,f_price,f_features,f_remark,f_created_time,f_updated_time,f_deleted) values(154,'X0034','惠普G4-2118TU',3,4,4,4,2,6500.00,'游戏','内存容量：4GB','2012-9-13 15:00:20','2012-9-19 15:00:20',0);
insert t_product(f_product_id,f_code,f_product_name,f_os_id,f_model_id,f_vendor_id,f_brand_id,f_operator_id,f_price,f_features,f_remark,f_created_time,f_updated_time,f_deleted) values(155,'BM2042','惠普g4-2022tx(B3J58PA)',3,4,5,4,2,8500.00,'游戏','内存容量：4GB','2012-9-13 15:00:20','2012-9-19 15:00:20',0);
insert t_product(f_product_id,f_code,f_product_name,f_os_id,f_model_id,f_vendor_id,f_brand_id,f_operator_id,f_price,f_features,f_remark,f_created_time,f_updated_time,f_deleted) values(156,'ThinkSD2045','戴尔笔记本',1,1,1,2,1,4000.00,'新品','14英寸','2012-9-13 15:00:20','2012-9-19 15:00:20',0);
insert t_product(f_product_id,f_code,f_product_name,f_os_id,f_model_id,f_vendor_id,f_brand_id,f_operator_id,f_price,f_features,f_remark,f_created_time,f_updated_time,f_deleted) values(157,'G42151','戴尔笔记本',1,1,1,2,1,4000.00,'新品','14英寸','2012-9-13 15:00:20','2012-9-19 15:00:20',0);
insert t_product(f_product_id,f_code,f_product_name,f_os_id,f_model_id,f_vendor_id,f_brand_id,f_operator_id,f_price,f_features,f_remark,f_created_time,f_updated_time,f_deleted) values(158,'X0035','联想电脑',2,3,2,1,2,2500.19,'新品','14英寸','2012-9-13 15:00:20','2012-9-19 15:00:20',0);
insert t_product(f_product_id,f_code,f_product_name,f_os_id,f_model_id,f_vendor_id,f_brand_id,f_operator_id,f_price,f_features,f_remark,f_created_time,f_updated_time,f_deleted) values(159,'BM2043','联想笔记本',1,3,1,1,2,2600.19,'畅销','14英寸','2012-9-13 15:00:20','2012-9-19 15:00:20',0);
insert t_product(f_product_id,f_code,f_product_name,f_os_id,f_model_id,f_vendor_id,f_brand_id,f_operator_id,f_price,f_features,f_remark,f_created_time,f_updated_time,f_deleted) values(160,'ThinkSD2046','联想G480AM-IFI',1,3,2,1,2,5500.19,'畅销','14英寸','2012-9-13 15:00:20','2012-9-19 15:00:20',0);
insert t_product(f_product_id,f_code,f_product_name,f_os_id,f_model_id,f_vendor_id,f_brand_id,f_operator_id,f_price,f_features,f_remark,f_created_time,f_updated_time,f_deleted) values(161,'G42152','联想U410-IFI(暮光灰)',1,3,3,1,2,2500.00,'畅销','14英寸','2012-9-13 15:00:20','2012-9-19 15:00:20',0);
insert t_product(f_product_id,f_code,f_product_name,f_os_id,f_model_id,f_vendor_id,f_brand_id,f_operator_id,f_price,f_features,f_remark,f_created_time,f_updated_time,f_deleted) values(162,'X0036','联想G480A-IFI(金属灰)',1,3,4,1,2,4900.01,'畅销','SSD固态硬盘','2012-9-13 15:00:20','2012-9-19 15:00:20',0);
insert t_product(f_product_id,f_code,f_product_name,f_os_id,f_model_id,f_vendor_id,f_brand_id,f_operator_id,f_price,f_features,f_remark,f_created_time,f_updated_time,f_deleted) values(163,'BM2044','联想Y580N-IFI',1,3,5,1,2,6500.02,'畅销','SSD固态硬盘','2012-9-13 15:00:20','2012-9-19 15:00:20',0);
insert t_product(f_product_id,f_code,f_product_name,f_os_id,f_model_id,f_vendor_id,f_brand_id,f_operator_id,f_price,f_features,f_remark,f_created_time,f_updated_time,f_deleted) values(164,'ThinkSD2047','戴尔14z(Ins14zd-1518)',1,1,2,2,2,12500.03,'新品','SSD固态硬盘','2012-9-13 15:00:20','2012-9-19 15:00:20',0);
insert t_product(f_product_id,f_code,f_product_name,f_os_id,f_model_id,f_vendor_id,f_brand_id,f_operator_id,f_price,f_features,f_remark,f_created_time,f_updated_time,f_deleted) values(165,'G42153','戴尔14R Turbo(Ins14TD-1728)',1,1,2,2,2,22500.04,'新品','SSD固态硬盘','2012-9-13 15:00:20','2012-9-19 15:00:20',0);
insert t_product(f_product_id,f_code,f_product_name,f_os_id,f_model_id,f_vendor_id,f_brand_id,f_operator_id,f_price,f_features,f_remark,f_created_time,f_updated_time,f_deleted) values(166,'X0037','戴尔DNAS',1,1,1,2,2,2500.00,'新品','SSD固态硬盘','2012-9-13 15:00:20','2012-9-19 15:00:20',0);
insert t_product(f_product_id,f_code,f_product_name,f_os_id,f_model_id,f_vendor_id,f_brand_id,f_operator_id,f_price,f_features,f_remark,f_created_time,f_updated_time,f_deleted) values(167,'BM2045','戴尔MOSJ',1,1,3,2,2,2500.00,'新品','SSD固态硬盘','2012-9-13 15:00:20','2012-9-19 15:00:20',0);
insert t_product(f_product_id,f_code,f_product_name,f_os_id,f_model_id,f_vendor_id,f_brand_id,f_operator_id,f_price,f_features,f_remark,f_created_time,f_updated_time,f_deleted) values(168,'ThinkSD2048','戴尔17R SD',2,1,3,2,2,2500.00,'新品','硬盘容量：500GB','2012-9-13 15:00:20','2012-9-19 15:00:20',0);
insert t_product(f_product_id,f_code,f_product_name,f_os_id,f_model_id,f_vendor_id,f_brand_id,f_operator_id,f_price,f_features,f_remark,f_created_time,f_updated_time,f_deleted) values(169,'G42154','戴尔XPS 13D-138',2,1,4,2,2,2500.00,'促销','硬盘容量：500GB','2012-9-13 15:00:20','2012-9-19 15:00:20',0);
insert t_product(f_product_id,f_code,f_product_name,f_os_id,f_model_id,f_vendor_id,f_brand_id,f_operator_id,f_price,f_features,f_remark,f_created_time,f_updated_time,f_deleted) values(170,'X0038','戴尔14R Turbo(Ins14TD-1728)',2,1,4,2,2,3523.00,'促销','硬盘容量：500GB','2012-9-13 15:00:20','2012-9-19 15:00:20',0);
insert t_product(f_product_id,f_code,f_product_name,f_os_id,f_model_id,f_vendor_id,f_brand_id,f_operator_id,f_price,f_features,f_remark,f_created_time,f_updated_time,f_deleted) values(171,'BM2046','戴尔14zNS',2,1,5,2,2,2890.00,'促销','硬盘容量：500GB','2012-9-13 15:00:20','2012-9-19 15:00:20',0);
insert t_product(f_product_id,f_code,f_product_name,f_os_id,f_model_id,f_vendor_id,f_brand_id,f_operator_id,f_price,f_features,f_remark,f_created_time,f_updated_time,f_deleted) values(172,'ThinkSD2049','戴尔14R Turbo',2,1,5,2,2,12500.00,'促销','硬盘容量：500GB','2012-9-13 15:00:20','2012-9-19 15:00:20',0);
insert t_product(f_product_id,f_code,f_product_name,f_os_id,f_model_id,f_vendor_id,f_brand_id,f_operator_id,f_price,f_features,f_remark,f_created_time,f_updated_time,f_deleted) values(173,'G42155','惠普431(B7C02PA)',2,4,1,4,2,2999.00,'促销','硬盘容量：500GB','2012-9-13 15:00:20','2012-9-19 15:00:20',0);
insert t_product(f_product_id,f_code,f_product_name,f_os_id,f_model_id,f_vendor_id,f_brand_id,f_operator_id,f_price,f_features,f_remark,f_created_time,f_updated_time,f_deleted) values(174,'X0039','惠普G6-2145TX',3,4,2,4,2,2500.00,'商务机','显卡芯片：NVIDIA GeForce GT 610M','2012-9-13 15:00:20','2012-9-19 15:00:20',0);
insert t_product(f_product_id,f_code,f_product_name,f_os_id,f_model_id,f_vendor_id,f_brand_id,f_operator_id,f_price,f_features,f_remark,f_created_time,f_updated_time,f_deleted) values(175,'BM2047','惠普G4-2118TU ',3,4,3,4,2,4999.00,'商务机','显卡芯片：NVIDIA GeForce GT 610M','2012-9-13 15:00:20','2012-9-19 15:00:20',0);
insert t_product(f_product_id,f_code,f_product_name,f_os_id,f_model_id,f_vendor_id,f_brand_id,f_operator_id,f_price,f_features,f_remark,f_created_time,f_updated_time,f_deleted) values(176,'ThinkSD2050','惠普4436s(C5P68PA)',3,4,4,4,2,4500.00,'商务机','显卡芯片：NVIDIA GeForce GT 610M','2012-9-13 15:00:20','2012-9-19 15:00:20',0);
insert t_product(f_product_id,f_code,f_product_name,f_os_id,f_model_id,f_vendor_id,f_brand_id,f_operator_id,f_price,f_features,f_remark,f_created_time,f_updated_time,f_deleted) values(177,'G42156','惠普g4-2120TX(C5H41PA)',3,4,5,4,2,4500.00,'游戏','显卡芯片：NVIDIA GeForce GT 610M','2012-9-13 15:00:20','2012-9-19 15:00:20',0);
insert t_product(f_product_id,f_code,f_product_name,f_os_id,f_model_id,f_vendor_id,f_brand_id,f_operator_id,f_price,f_features,f_remark,f_created_time,f_updated_time,f_deleted) values(178,'X0040','惠普4441s(B7B95PA)',3,4,2,4,2,2700.00,'游戏','内存容量：4GB','2012-9-13 15:00:20','2012-9-19 15:00:20',0);
insert t_product(f_product_id,f_code,f_product_name,f_os_id,f_model_id,f_vendor_id,f_brand_id,f_operator_id,f_price,f_features,f_remark,f_created_time,f_updated_time,f_deleted) values(179,'BM2048','惠普Envy 6-1016TX',3,4,3,4,2,2980.00,'游戏','内存容量：4GB','2012-9-13 15:00:20','2012-9-19 15:00:20',0);
insert t_product(f_product_id,f_code,f_product_name,f_os_id,f_model_id,f_vendor_id,f_brand_id,f_operator_id,f_price,f_features,f_remark,f_created_time,f_updated_time,f_deleted) values(180,'ThinkSD2051','惠普G4-2118TU',3,4,4,4,2,6500.00,'游戏','内存容量：4GB','2012-9-13 15:00:20','2012-9-19 15:00:20',0);
insert t_product(f_product_id,f_code,f_product_name,f_os_id,f_model_id,f_vendor_id,f_brand_id,f_operator_id,f_price,f_features,f_remark,f_created_time,f_updated_time,f_deleted) values(181,'G42157','惠普g4-2022tx(B3J58PA)',3,4,5,4,2,8500.00,'游戏','内存容量：4GB','2012-9-13 15:00:20','2012-9-19 15:00:20',0);
insert t_product(f_product_id,f_code,f_product_name,f_os_id,f_model_id,f_vendor_id,f_brand_id,f_operator_id,f_price,f_features,f_remark,f_created_time,f_updated_time,f_deleted) values(182,'X0041','戴尔笔记本',1,1,1,2,1,4000.00,'新品','14英寸','2012-9-13 15:00:20','2012-9-19 15:00:20',0);
insert t_product(f_product_id,f_code,f_product_name,f_os_id,f_model_id,f_vendor_id,f_brand_id,f_operator_id,f_price,f_features,f_remark,f_created_time,f_updated_time,f_deleted) values(183,'BM2049','戴尔笔记本',1,1,1,2,1,4000.00,'新品','14英寸','2012-9-13 15:00:20','2012-9-19 15:00:20',0);
insert t_product(f_product_id,f_code,f_product_name,f_os_id,f_model_id,f_vendor_id,f_brand_id,f_operator_id,f_price,f_features,f_remark,f_created_time,f_updated_time,f_deleted) values(184,'ThinkSD2052','联想电脑',2,3,2,1,2,2500.19,'新品','14英寸','2012-9-13 15:00:20','2012-9-19 15:00:20',0);
insert t_product(f_product_id,f_code,f_product_name,f_os_id,f_model_id,f_vendor_id,f_brand_id,f_operator_id,f_price,f_features,f_remark,f_created_time,f_updated_time,f_deleted) values(185,'G42158','联想笔记本',1,3,1,1,2,2600.19,'畅销','14英寸','2012-9-13 15:00:20','2012-9-19 15:00:20',0);
insert t_product(f_product_id,f_code,f_product_name,f_os_id,f_model_id,f_vendor_id,f_brand_id,f_operator_id,f_price,f_features,f_remark,f_created_time,f_updated_time,f_deleted) values(186,'X0042','联想G480AM-IFI',1,3,2,1,2,5500.19,'畅销','14英寸','2012-9-13 15:00:20','2012-9-19 15:00:20',0);
insert t_product(f_product_id,f_code,f_product_name,f_os_id,f_model_id,f_vendor_id,f_brand_id,f_operator_id,f_price,f_features,f_remark,f_created_time,f_updated_time,f_deleted) values(187,'BM2050','联想U410-IFI(暮光灰)',1,3,3,1,2,2500.00,'畅销','14英寸','2012-9-13 15:00:20','2012-9-19 15:00:20',0);
insert t_product(f_product_id,f_code,f_product_name,f_os_id,f_model_id,f_vendor_id,f_brand_id,f_operator_id,f_price,f_features,f_remark,f_created_time,f_updated_time,f_deleted) values(188,'ThinkSD2053','联想G480A-IFI(金属灰)',1,3,4,1,2,4900.01,'畅销','SSD固态硬盘','2012-9-13 15:00:20','2012-9-19 15:00:20',0);
insert t_product(f_product_id,f_code,f_product_name,f_os_id,f_model_id,f_vendor_id,f_brand_id,f_operator_id,f_price,f_features,f_remark,f_created_time,f_updated_time,f_deleted) values(189,'G42159','联想Y580N-IFI',1,3,5,1,2,6500.02,'畅销','SSD固态硬盘','2012-9-13 15:00:20','2012-9-19 15:00:20',0);
insert t_product(f_product_id,f_code,f_product_name,f_os_id,f_model_id,f_vendor_id,f_brand_id,f_operator_id,f_price,f_features,f_remark,f_created_time,f_updated_time,f_deleted) values(190,'X0043','戴尔14z(Ins14zd-1518)',1,1,2,2,2,12500.03,'新品','SSD固态硬盘','2012-9-13 15:00:20','2012-9-19 15:00:20',0);
insert t_product(f_product_id,f_code,f_product_name,f_os_id,f_model_id,f_vendor_id,f_brand_id,f_operator_id,f_price,f_features,f_remark,f_created_time,f_updated_time,f_deleted) values(191,'BM2051','戴尔14R Turbo(Ins14TD-1728)',1,1,2,2,2,22500.04,'新品','SSD固态硬盘','2012-9-13 15:00:20','2012-9-19 15:00:20',0);
insert t_product(f_product_id,f_code,f_product_name,f_os_id,f_model_id,f_vendor_id,f_brand_id,f_operator_id,f_price,f_features,f_remark,f_created_time,f_updated_time,f_deleted) values(192,'ThinkSD2054','戴尔DNAS',1,1,1,2,2,2500.00,'新品','SSD固态硬盘','2012-9-13 15:00:20','2012-9-19 15:00:20',0);
insert t_product(f_product_id,f_code,f_product_name,f_os_id,f_model_id,f_vendor_id,f_brand_id,f_operator_id,f_price,f_features,f_remark,f_created_time,f_updated_time,f_deleted) values(193,'G42160','戴尔MOSJ',1,1,3,2,2,2500.00,'新品','SSD固态硬盘','2012-9-13 15:00:20','2012-9-19 15:00:20',0);
insert t_product(f_product_id,f_code,f_product_name,f_os_id,f_model_id,f_vendor_id,f_brand_id,f_operator_id,f_price,f_features,f_remark,f_created_time,f_updated_time,f_deleted) values(194,'X0044','戴尔17R SD',2,1,3,2,2,2500.00,'新品','硬盘容量：500GB','2012-9-13 15:00:20','2012-9-19 15:00:20',0);
insert t_product(f_product_id,f_code,f_product_name,f_os_id,f_model_id,f_vendor_id,f_brand_id,f_operator_id,f_price,f_features,f_remark,f_created_time,f_updated_time,f_deleted) values(195,'BM2052','戴尔XPS 13D-138',2,1,4,2,2,2500.00,'促销','硬盘容量：500GB','2012-9-13 15:00:20','2012-9-19 15:00:20',0);
insert t_product(f_product_id,f_code,f_product_name,f_os_id,f_model_id,f_vendor_id,f_brand_id,f_operator_id,f_price,f_features,f_remark,f_created_time,f_updated_time,f_deleted) values(196,'ThinkSD2055','戴尔14R Turbo(Ins14TD-1728)',2,1,4,2,2,3523.00,'促销','硬盘容量：500GB','2012-9-13 15:00:20','2012-9-19 15:00:20',0);
insert t_product(f_product_id,f_code,f_product_name,f_os_id,f_model_id,f_vendor_id,f_brand_id,f_operator_id,f_price,f_features,f_remark,f_created_time,f_updated_time,f_deleted) values(197,'G42161','戴尔14zNS',2,1,5,2,2,2890.00,'促销','硬盘容量：500GB','2012-9-13 15:00:20','2012-9-19 15:00:20',0);
insert t_product(f_product_id,f_code,f_product_name,f_os_id,f_model_id,f_vendor_id,f_brand_id,f_operator_id,f_price,f_features,f_remark,f_created_time,f_updated_time,f_deleted) values(198,'X0045','戴尔14R Turbo',2,1,5,2,2,12500.00,'促销','硬盘容量：500GB','2012-9-13 15:00:20','2012-9-19 15:00:20',0);
insert t_product(f_product_id,f_code,f_product_name,f_os_id,f_model_id,f_vendor_id,f_brand_id,f_operator_id,f_price,f_features,f_remark,f_created_time,f_updated_time,f_deleted) values(199,'BM2053','惠普431(B7C02PA)',2,4,1,4,2,2999.00,'促销','硬盘容量：500GB','2012-9-13 15:00:20','2012-9-19 15:00:20',0);
insert t_product(f_product_id,f_code,f_product_name,f_os_id,f_model_id,f_vendor_id,f_brand_id,f_operator_id,f_price,f_features,f_remark,f_created_time,f_updated_time,f_deleted) values(200,'ThinkSD2056','惠普G6-2145TX',3,4,2,4,2,2500.00,'商务机','显卡芯片：NVIDIA GeForce GT 610M','2012-9-13 15:00:20','2012-9-19 15:00:20',0);
insert t_product(f_product_id,f_code,f_product_name,f_os_id,f_model_id,f_vendor_id,f_brand_id,f_operator_id,f_price,f_features,f_remark,f_created_time,f_updated_time,f_deleted) values(201,'G42162','惠普G4-2118TU ',3,4,3,4,2,4999.00,'商务机','显卡芯片：NVIDIA GeForce GT 610M','2012-9-13 15:00:20','2012-9-19 15:00:20',0);
insert t_product(f_product_id,f_code,f_product_name,f_os_id,f_model_id,f_vendor_id,f_brand_id,f_operator_id,f_price,f_features,f_remark,f_created_time,f_updated_time,f_deleted) values(202,'X0046','惠普4436s(C5P68PA)',3,4,4,4,2,4500.00,'商务机','显卡芯片：NVIDIA GeForce GT 610M','2012-9-13 15:00:20','2012-9-19 15:00:20',0);
insert t_product(f_product_id,f_code,f_product_name,f_os_id,f_model_id,f_vendor_id,f_brand_id,f_operator_id,f_price,f_features,f_remark,f_created_time,f_updated_time,f_deleted) values(203,'BM2054','惠普g4-2120TX(C5H41PA)',3,4,5,4,2,4500.00,'游戏','显卡芯片：NVIDIA GeForce GT 610M','2012-9-13 15:00:20','2012-9-19 15:00:20',0);
insert t_product(f_product_id,f_code,f_product_name,f_os_id,f_model_id,f_vendor_id,f_brand_id,f_operator_id,f_price,f_features,f_remark,f_created_time,f_updated_time,f_deleted) values(204,'ThinkSD2057','惠普4441s(B7B95PA)',3,4,2,4,2,2700.00,'游戏','内存容量：4GB','2012-9-13 15:00:20','2012-9-19 15:00:20',0);
insert t_product(f_product_id,f_code,f_product_name,f_os_id,f_model_id,f_vendor_id,f_brand_id,f_operator_id,f_price,f_features,f_remark,f_created_time,f_updated_time,f_deleted) values(205,'G42163','惠普Envy 6-1016TX',3,4,3,4,2,2980.00,'游戏','内存容量：4GB','2012-9-13 15:00:20','2012-9-19 15:00:20',0);
insert t_product(f_product_id,f_code,f_product_name,f_os_id,f_model_id,f_vendor_id,f_brand_id,f_operator_id,f_price,f_features,f_remark,f_created_time,f_updated_time,f_deleted) values(206,'X0047','惠普G4-2118TU',3,4,4,4,2,6500.00,'游戏','内存容量：4GB','2012-9-13 15:00:20','2012-9-19 15:00:20',0);
insert t_product(f_product_id,f_code,f_product_name,f_os_id,f_model_id,f_vendor_id,f_brand_id,f_operator_id,f_price,f_features,f_remark,f_created_time,f_updated_time,f_deleted) values(207,'BM2055','惠普g4-2022tx(B3J58PA)',3,4,5,4,2,8500.00,'游戏','内存容量：4GB','2012-9-13 15:00:20','2012-9-19 15:00:20',0);
insert t_product(f_product_id,f_code,f_product_name,f_os_id,f_model_id,f_vendor_id,f_brand_id,f_operator_id,f_price,f_features,f_remark,f_created_time,f_updated_time,f_deleted) values(208,'ThinkSD2058','戴尔笔记本',1,1,1,2,1,4000.00,'新品','14英寸','2012-9-13 15:00:20','2012-9-19 15:00:20',0);
insert t_product(f_product_id,f_code,f_product_name,f_os_id,f_model_id,f_vendor_id,f_brand_id,f_operator_id,f_price,f_features,f_remark,f_created_time,f_updated_time,f_deleted) values(209,'G42164','戴尔笔记本',1,1,1,2,1,4000.00,'新品','14英寸','2012-9-13 15:00:20','2012-9-19 15:00:20',0);
insert t_product(f_product_id,f_code,f_product_name,f_os_id,f_model_id,f_vendor_id,f_brand_id,f_operator_id,f_price,f_features,f_remark,f_created_time,f_updated_time,f_deleted) values(210,'X0048','联想电脑',2,3,2,1,2,2500.19,'新品','14英寸','2012-9-13 15:00:20','2012-9-19 15:00:20',0);
insert t_product(f_product_id,f_code,f_product_name,f_os_id,f_model_id,f_vendor_id,f_brand_id,f_operator_id,f_price,f_features,f_remark,f_created_time,f_updated_time,f_deleted) values(211,'BM2056','联想笔记本',1,3,1,1,2,2600.19,'畅销','14英寸','2012-9-13 15:00:20','2012-9-19 15:00:20',0);
insert t_product(f_product_id,f_code,f_product_name,f_os_id,f_model_id,f_vendor_id,f_brand_id,f_operator_id,f_price,f_features,f_remark,f_created_time,f_updated_time,f_deleted) values(212,'ThinkSD2059','联想G480AM-IFI',1,3,2,1,2,5500.19,'畅销','14英寸','2012-9-13 15:00:20','2012-9-19 15:00:20',0);
insert t_product(f_product_id,f_code,f_product_name,f_os_id,f_model_id,f_vendor_id,f_brand_id,f_operator_id,f_price,f_features,f_remark,f_created_time,f_updated_time,f_deleted) values(213,'G42165','联想U410-IFI(暮光灰)',1,3,3,1,2,2500.00,'畅销','14英寸','2012-9-13 15:00:20','2012-9-19 15:00:20',0);
insert t_product(f_product_id,f_code,f_product_name,f_os_id,f_model_id,f_vendor_id,f_brand_id,f_operator_id,f_price,f_features,f_remark,f_created_time,f_updated_time,f_deleted) values(214,'X0049','联想G480A-IFI(金属灰)',1,3,4,1,2,4900.01,'畅销','SSD固态硬盘','2012-9-13 15:00:20','2012-9-19 15:00:20',0);
insert t_product(f_product_id,f_code,f_product_name,f_os_id,f_model_id,f_vendor_id,f_brand_id,f_operator_id,f_price,f_features,f_remark,f_created_time,f_updated_time,f_deleted) values(215,'BM2057','联想Y580N-IFI',1,3,5,1,2,6500.02,'畅销','SSD固态硬盘','2012-9-13 15:00:20','2012-9-19 15:00:20',0);
insert t_product(f_product_id,f_code,f_product_name,f_os_id,f_model_id,f_vendor_id,f_brand_id,f_operator_id,f_price,f_features,f_remark,f_created_time,f_updated_time,f_deleted) values(216,'ThinkSD2060','戴尔14z(Ins14zd-1518)',1,1,2,2,2,12500.03,'新品','SSD固态硬盘','2012-9-13 15:00:20','2012-9-19 15:00:20',0);
insert t_product(f_product_id,f_code,f_product_name,f_os_id,f_model_id,f_vendor_id,f_brand_id,f_operator_id,f_price,f_features,f_remark,f_created_time,f_updated_time,f_deleted) values(217,'G42166','戴尔14R Turbo(Ins14TD-1728)',1,1,2,2,2,22500.04,'新品','SSD固态硬盘','2012-9-13 15:00:20','2012-9-19 15:00:20',0);
insert t_product(f_product_id,f_code,f_product_name,f_os_id,f_model_id,f_vendor_id,f_brand_id,f_operator_id,f_price,f_features,f_remark,f_created_time,f_updated_time,f_deleted) values(218,'X0050','戴尔DNAS',1,1,1,2,2,2500.00,'新品','SSD固态硬盘','2012-9-13 15:00:20','2012-9-19 15:00:20',0);
insert t_product(f_product_id,f_code,f_product_name,f_os_id,f_model_id,f_vendor_id,f_brand_id,f_operator_id,f_price,f_features,f_remark,f_created_time,f_updated_time,f_deleted) values(219,'BM2058','戴尔MOSJ',1,1,3,2,2,2500.00,'新品','SSD固态硬盘','2012-9-13 15:00:20','2012-9-19 15:00:20',0);
insert t_product(f_product_id,f_code,f_product_name,f_os_id,f_model_id,f_vendor_id,f_brand_id,f_operator_id,f_price,f_features,f_remark,f_created_time,f_updated_time,f_deleted) values(220,'ThinkSD2061','戴尔17R SD',2,1,3,2,2,2500.00,'新品','硬盘容量：500GB','2012-9-13 15:00:20','2012-9-19 15:00:20',0);
insert t_product(f_product_id,f_code,f_product_name,f_os_id,f_model_id,f_vendor_id,f_brand_id,f_operator_id,f_price,f_features,f_remark,f_created_time,f_updated_time,f_deleted) values(221,'G42167','戴尔XPS 13D-138',2,1,4,2,2,2500.00,'促销','硬盘容量：500GB','2012-9-13 15:00:20','2012-9-19 15:00:20',0);
insert t_product(f_product_id,f_code,f_product_name,f_os_id,f_model_id,f_vendor_id,f_brand_id,f_operator_id,f_price,f_features,f_remark,f_created_time,f_updated_time,f_deleted) values(222,'X0051','戴尔14R Turbo(Ins14TD-1728)',2,1,4,2,2,3523.00,'促销','硬盘容量：500GB','2012-9-13 15:00:20','2012-9-19 15:00:20',0);
insert t_product(f_product_id,f_code,f_product_name,f_os_id,f_model_id,f_vendor_id,f_brand_id,f_operator_id,f_price,f_features,f_remark,f_created_time,f_updated_time,f_deleted) values(223,'BM2059','戴尔14zNS',2,1,5,2,2,2890.00,'促销','硬盘容量：500GB','2012-9-13 15:00:20','2012-9-19 15:00:20',0);
insert t_product(f_product_id,f_code,f_product_name,f_os_id,f_model_id,f_vendor_id,f_brand_id,f_operator_id,f_price,f_features,f_remark,f_created_time,f_updated_time,f_deleted) values(224,'ThinkSD2062','戴尔14R Turbo',2,1,5,2,2,12500.00,'促销','硬盘容量：500GB','2012-9-13 15:00:20','2012-9-19 15:00:20',0);
insert t_product(f_product_id,f_code,f_product_name,f_os_id,f_model_id,f_vendor_id,f_brand_id,f_operator_id,f_price,f_features,f_remark,f_created_time,f_updated_time,f_deleted) values(225,'G42168','惠普431(B7C02PA)',2,4,1,4,2,2999.00,'促销','硬盘容量：500GB','2012-9-13 15:00:20','2012-9-19 15:00:20',0);
insert t_product(f_product_id,f_code,f_product_name,f_os_id,f_model_id,f_vendor_id,f_brand_id,f_operator_id,f_price,f_features,f_remark,f_created_time,f_updated_time,f_deleted) values(226,'X0052','惠普G6-2145TX',3,4,2,4,2,2500.00,'商务机','显卡芯片：NVIDIA GeForce GT 610M','2012-9-13 15:00:20','2012-9-19 15:00:20',0);
insert t_product(f_product_id,f_code,f_product_name,f_os_id,f_model_id,f_vendor_id,f_brand_id,f_operator_id,f_price,f_features,f_remark,f_created_time,f_updated_time,f_deleted) values(227,'BM2060','惠普G4-2118TU ',3,4,3,4,2,4999.00,'商务机','显卡芯片：NVIDIA GeForce GT 610M','2012-9-13 15:00:20','2012-9-19 15:00:20',0);
insert t_product(f_product_id,f_code,f_product_name,f_os_id,f_model_id,f_vendor_id,f_brand_id,f_operator_id,f_price,f_features,f_remark,f_created_time,f_updated_time,f_deleted) values(228,'ThinkSD2063','惠普4436s(C5P68PA)',3,4,4,4,2,4500.00,'商务机','显卡芯片：NVIDIA GeForce GT 610M','2012-9-13 15:00:20','2012-9-19 15:00:20',0);
insert t_product(f_product_id,f_code,f_product_name,f_os_id,f_model_id,f_vendor_id,f_brand_id,f_operator_id,f_price,f_features,f_remark,f_created_time,f_updated_time,f_deleted) values(229,'G42169','惠普g4-2120TX(C5H41PA)',3,4,5,4,2,4500.00,'游戏','显卡芯片：NVIDIA GeForce GT 610M','2012-9-13 15:00:20','2012-9-19 15:00:20',0);
insert t_product(f_product_id,f_code,f_product_name,f_os_id,f_model_id,f_vendor_id,f_brand_id,f_operator_id,f_price,f_features,f_remark,f_created_time,f_updated_time,f_deleted) values(230,'X0053','惠普4441s(B7B95PA)',3,4,2,4,2,2700.00,'游戏','内存容量：4GB','2012-9-13 15:00:20','2012-9-19 15:00:20',0);
insert t_product(f_product_id,f_code,f_product_name,f_os_id,f_model_id,f_vendor_id,f_brand_id,f_operator_id,f_price,f_features,f_remark,f_created_time,f_updated_time,f_deleted) values(231,'BM2061','惠普Envy 6-1016TX',3,4,3,4,2,2980.00,'游戏','内存容量：4GB','2012-9-13 15:00:20','2012-9-19 15:00:20',0);
insert t_product(f_product_id,f_code,f_product_name,f_os_id,f_model_id,f_vendor_id,f_brand_id,f_operator_id,f_price,f_features,f_remark,f_created_time,f_updated_time,f_deleted) values(232,'ThinkSD2064','惠普G4-2118TU',3,4,4,4,2,6500.00,'游戏','内存容量：4GB','2012-9-13 15:00:20','2012-9-19 15:00:20',0);
insert t_product(f_product_id,f_code,f_product_name,f_os_id,f_model_id,f_vendor_id,f_brand_id,f_operator_id,f_price,f_features,f_remark,f_created_time,f_updated_time,f_deleted) values(233,'G42170','惠普g4-2022tx(B3J58PA)',3,4,5,4,2,8500.00,'游戏','内存容量：4GB','2012-9-13 15:00:20','2012-9-19 15:00:20',0);
insert t_product(f_product_id,f_code,f_product_name,f_os_id,f_model_id,f_vendor_id,f_brand_id,f_operator_id,f_price,f_features,f_remark,f_created_time,f_updated_time,f_deleted) values(234,'X0054','戴尔笔记本',1,1,1,2,1,4000.00,'新品','14英寸','2012-9-13 15:00:20','2012-9-19 15:00:20',0);
insert t_product(f_product_id,f_code,f_product_name,f_os_id,f_model_id,f_vendor_id,f_brand_id,f_operator_id,f_price,f_features,f_remark,f_created_time,f_updated_time,f_deleted) values(235,'BM2062','戴尔笔记本',1,1,1,2,1,4000.00,'新品','14英寸','2012-9-13 15:00:20','2012-9-19 15:00:20',0);
insert t_product(f_product_id,f_code,f_product_name,f_os_id,f_model_id,f_vendor_id,f_brand_id,f_operator_id,f_price,f_features,f_remark,f_created_time,f_updated_time,f_deleted) values(236,'ThinkSD2065','联想电脑',2,3,2,1,2,2500.19,'新品','14英寸','2012-9-13 15:00:20','2012-9-19 15:00:20',0);
insert t_product(f_product_id,f_code,f_product_name,f_os_id,f_model_id,f_vendor_id,f_brand_id,f_operator_id,f_price,f_features,f_remark,f_created_time,f_updated_time,f_deleted) values(237,'G42171','联想笔记本',1,3,1,1,2,2600.19,'畅销','14英寸','2012-9-13 15:00:20','2012-9-19 15:00:20',0);
insert t_product(f_product_id,f_code,f_product_name,f_os_id,f_model_id,f_vendor_id,f_brand_id,f_operator_id,f_price,f_features,f_remark,f_created_time,f_updated_time,f_deleted) values(238,'X0055','联想G480AM-IFI',1,3,2,1,2,5500.19,'畅销','14英寸','2012-9-13 15:00:20','2012-9-19 15:00:20',0);
insert t_product(f_product_id,f_code,f_product_name,f_os_id,f_model_id,f_vendor_id,f_brand_id,f_operator_id,f_price,f_features,f_remark,f_created_time,f_updated_time,f_deleted) values(239,'BM2063','联想U410-IFI(暮光灰)',1,3,3,1,2,2500.00,'畅销','14英寸','2012-9-13 15:00:20','2012-9-19 15:00:20',0);
insert t_product(f_product_id,f_code,f_product_name,f_os_id,f_model_id,f_vendor_id,f_brand_id,f_operator_id,f_price,f_features,f_remark,f_created_time,f_updated_time,f_deleted) values(240,'ThinkSD2066','联想G480A-IFI(金属灰)',1,3,4,1,2,4900.01,'畅销','SSD固态硬盘','2012-9-13 15:00:20','2012-9-19 15:00:20',0);
insert t_product(f_product_id,f_code,f_product_name,f_os_id,f_model_id,f_vendor_id,f_brand_id,f_operator_id,f_price,f_features,f_remark,f_created_time,f_updated_time,f_deleted) values(241,'G42172','联想Y580N-IFI',1,3,5,1,2,6500.02,'畅销','SSD固态硬盘','2012-9-13 15:00:20','2012-9-19 15:00:20',0);
insert t_product(f_product_id,f_code,f_product_name,f_os_id,f_model_id,f_vendor_id,f_brand_id,f_operator_id,f_price,f_features,f_remark,f_created_time,f_updated_time,f_deleted) values(242,'X0056','戴尔14z(Ins14zd-1518)',1,1,2,2,2,12500.03,'新品','SSD固态硬盘','2012-9-13 15:00:20','2012-9-19 15:00:20',0);
insert t_product(f_product_id,f_code,f_product_name,f_os_id,f_model_id,f_vendor_id,f_brand_id,f_operator_id,f_price,f_features,f_remark,f_created_time,f_updated_time,f_deleted) values(243,'BM2064','戴尔14R Turbo(Ins14TD-1728)',1,1,2,2,2,22500.04,'新品','SSD固态硬盘','2012-9-13 15:00:20','2012-9-19 15:00:20',0);
insert t_product(f_product_id,f_code,f_product_name,f_os_id,f_model_id,f_vendor_id,f_brand_id,f_operator_id,f_price,f_features,f_remark,f_created_time,f_updated_time,f_deleted) values(244,'ThinkSD2067','戴尔DNAS',1,1,1,2,2,2500.00,'新品','SSD固态硬盘','2012-9-13 15:00:20','2012-9-19 15:00:20',0);
insert t_product(f_product_id,f_code,f_product_name,f_os_id,f_model_id,f_vendor_id,f_brand_id,f_operator_id,f_price,f_features,f_remark,f_created_time,f_updated_time,f_deleted) values(245,'G42173','戴尔MOSJ',1,1,3,2,2,2500.00,'新品','SSD固态硬盘','2012-9-13 15:00:20','2012-9-19 15:00:20',0);
insert t_product(f_product_id,f_code,f_product_name,f_os_id,f_model_id,f_vendor_id,f_brand_id,f_operator_id,f_price,f_features,f_remark,f_created_time,f_updated_time,f_deleted) values(246,'X0057','戴尔17R SD',2,1,3,2,2,2500.00,'新品','硬盘容量：500GB','2012-9-13 15:00:20','2012-9-19 15:00:20',0);
insert t_product(f_product_id,f_code,f_product_name,f_os_id,f_model_id,f_vendor_id,f_brand_id,f_operator_id,f_price,f_features,f_remark,f_created_time,f_updated_time,f_deleted) values(247,'BM2065','戴尔XPS 13D-138',2,1,4,2,2,2500.00,'促销','硬盘容量：500GB','2012-9-13 15:00:20','2012-9-19 15:00:20',0);
insert t_product(f_product_id,f_code,f_product_name,f_os_id,f_model_id,f_vendor_id,f_brand_id,f_operator_id,f_price,f_features,f_remark,f_created_time,f_updated_time,f_deleted) values(248,'ThinkSD2068','戴尔14R Turbo(Ins14TD-1728)',2,1,4,2,2,3523.00,'促销','硬盘容量：500GB','2012-9-13 15:00:20','2012-9-19 15:00:20',0);
insert t_product(f_product_id,f_code,f_product_name,f_os_id,f_model_id,f_vendor_id,f_brand_id,f_operator_id,f_price,f_features,f_remark,f_created_time,f_updated_time,f_deleted) values(249,'G42174','戴尔14zNS',2,1,5,2,2,2890.00,'促销','硬盘容量：500GB','2012-9-13 15:00:20','2012-9-19 15:00:20',0);
insert t_product(f_product_id,f_code,f_product_name,f_os_id,f_model_id,f_vendor_id,f_brand_id,f_operator_id,f_price,f_features,f_remark,f_created_time,f_updated_time,f_deleted) values(250,'X0058','戴尔14R Turbo',2,1,5,2,2,12500.00,'促销','硬盘容量：500GB','2012-9-13 15:00:20','2012-9-19 15:00:20',0);
insert t_product(f_product_id,f_code,f_product_name,f_os_id,f_model_id,f_vendor_id,f_brand_id,f_operator_id,f_price,f_features,f_remark,f_created_time,f_updated_time,f_deleted) values(251,'BM2066','惠普431(B7C02PA)',2,4,1,4,2,2999.00,'促销','硬盘容量：500GB','2012-9-13 15:00:20','2012-9-19 15:00:20',0);
insert t_product(f_product_id,f_code,f_product_name,f_os_id,f_model_id,f_vendor_id,f_brand_id,f_operator_id,f_price,f_features,f_remark,f_created_time,f_updated_time,f_deleted) values(252,'ThinkSD2069','惠普G6-2145TX',3,4,2,4,2,2500.00,'商务机','显卡芯片：NVIDIA GeForce GT 610M','2012-9-13 15:00:20','2012-9-19 15:00:20',0);
insert t_product(f_product_id,f_code,f_product_name,f_os_id,f_model_id,f_vendor_id,f_brand_id,f_operator_id,f_price,f_features,f_remark,f_created_time,f_updated_time,f_deleted) values(253,'G42175','惠普G4-2118TU ',3,4,3,4,2,4999.00,'商务机','显卡芯片：NVIDIA GeForce GT 610M','2012-9-13 15:00:20','2012-9-19 15:00:20',0);
insert t_product(f_product_id,f_code,f_product_name,f_os_id,f_model_id,f_vendor_id,f_brand_id,f_operator_id,f_price,f_features,f_remark,f_created_time,f_updated_time,f_deleted) values(254,'X0059','惠普4436s(C5P68PA)',3,4,4,4,2,4500.00,'商务机','显卡芯片：NVIDIA GeForce GT 610M','2012-9-13 15:00:20','2012-9-19 15:00:20',0);
insert t_product(f_product_id,f_code,f_product_name,f_os_id,f_model_id,f_vendor_id,f_brand_id,f_operator_id,f_price,f_features,f_remark,f_created_time,f_updated_time,f_deleted) values(255,'BM2067','惠普g4-2120TX(C5H41PA)',3,4,5,4,2,4500.00,'游戏','显卡芯片：NVIDIA GeForce GT 610M','2012-9-13 15:00:20','2012-9-19 15:00:20',0);
insert t_product(f_product_id,f_code,f_product_name,f_os_id,f_model_id,f_vendor_id,f_brand_id,f_operator_id,f_price,f_features,f_remark,f_created_time,f_updated_time,f_deleted) values(256,'ThinkSD2070','惠普4441s(B7B95PA)',3,4,2,4,2,2700.00,'游戏','内存容量：4GB','2012-9-13 15:00:20','2012-9-19 15:00:20',0);
insert t_product(f_product_id,f_code,f_product_name,f_os_id,f_model_id,f_vendor_id,f_brand_id,f_operator_id,f_price,f_features,f_remark,f_created_time,f_updated_time,f_deleted) values(257,'G42176','惠普Envy 6-1016TX',3,4,3,4,2,2980.00,'游戏','内存容量：4GB','2012-9-13 15:00:20','2012-9-19 15:00:20',0);
insert t_product(f_product_id,f_code,f_product_name,f_os_id,f_model_id,f_vendor_id,f_brand_id,f_operator_id,f_price,f_features,f_remark,f_created_time,f_updated_time,f_deleted) values(258,'X0060','惠普G4-2118TU',3,4,4,4,2,6500.00,'游戏','内存容量：4GB','2012-9-13 15:00:20','2012-9-19 15:00:20',0);
insert t_product(f_product_id,f_code,f_product_name,f_os_id,f_model_id,f_vendor_id,f_brand_id,f_operator_id,f_price,f_features,f_remark,f_created_time,f_updated_time,f_deleted) values(259,'BM2068','惠普g4-2022tx(B3J58PA)',3,4,5,4,2,8500.00,'游戏','内存容量：4GB','2012-9-13 15:00:20','2012-9-19 15:00:20',0);
insert t_product(f_product_id,f_code,f_product_name,f_os_id,f_model_id,f_vendor_id,f_brand_id,f_operator_id,f_price,f_features,f_remark,f_created_time,f_updated_time,f_deleted) values(260,'ThinkSD2071','戴尔笔记本',1,1,1,2,1,4000.00,'新品','14英寸','2012-9-13 15:00:20','2012-9-19 15:00:20',0);
insert t_product(f_product_id,f_code,f_product_name,f_os_id,f_model_id,f_vendor_id,f_brand_id,f_operator_id,f_price,f_features,f_remark,f_created_time,f_updated_time,f_deleted) values(261,'G42177','戴尔笔记本',1,1,1,2,1,4000.00,'新品','14英寸','2012-9-13 15:00:20','2012-9-19 15:00:20',0);
insert t_product(f_product_id,f_code,f_product_name,f_os_id,f_model_id,f_vendor_id,f_brand_id,f_operator_id,f_price,f_features,f_remark,f_created_time,f_updated_time,f_deleted) values(262,'X0061','联想电脑',2,3,2,1,2,2500.19,'新品','14英寸','2012-9-13 15:00:20','2012-9-19 15:00:20',0);
insert t_product(f_product_id,f_code,f_product_name,f_os_id,f_model_id,f_vendor_id,f_brand_id,f_operator_id,f_price,f_features,f_remark,f_created_time,f_updated_time,f_deleted) values(263,'BM2069','联想笔记本',1,3,1,1,2,2600.19,'畅销','14英寸','2012-9-13 15:00:20','2012-9-19 15:00:20',0);
insert t_product(f_product_id,f_code,f_product_name,f_os_id,f_model_id,f_vendor_id,f_brand_id,f_operator_id,f_price,f_features,f_remark,f_created_time,f_updated_time,f_deleted) values(264,'ThinkSD2072','联想G480AM-IFI',1,3,2,1,2,5500.19,'畅销','14英寸','2012-9-13 15:00:20','2012-9-19 15:00:20',0);
insert t_product(f_product_id,f_code,f_product_name,f_os_id,f_model_id,f_vendor_id,f_brand_id,f_operator_id,f_price,f_features,f_remark,f_created_time,f_updated_time,f_deleted) values(265,'G42178','联想U410-IFI(暮光灰)',1,3,3,1,2,2500.00,'畅销','14英寸','2012-9-13 15:00:20','2012-9-19 15:00:20',0);
insert t_product(f_product_id,f_code,f_product_name,f_os_id,f_model_id,f_vendor_id,f_brand_id,f_operator_id,f_price,f_features,f_remark,f_created_time,f_updated_time,f_deleted) values(266,'X0062','联想G480A-IFI(金属灰)',1,3,4,1,2,4900.01,'畅销','SSD固态硬盘','2012-9-13 15:00:20','2012-9-19 15:00:20',0);
insert t_product(f_product_id,f_code,f_product_name,f_os_id,f_model_id,f_vendor_id,f_brand_id,f_operator_id,f_price,f_features,f_remark,f_created_time,f_updated_time,f_deleted) values(267,'BM2070','联想Y580N-IFI',1,3,5,1,2,6500.02,'畅销','SSD固态硬盘','2012-9-13 15:00:20','2012-9-19 15:00:20',0);
insert t_product(f_product_id,f_code,f_product_name,f_os_id,f_model_id,f_vendor_id,f_brand_id,f_operator_id,f_price,f_features,f_remark,f_created_time,f_updated_time,f_deleted) values(268,'ThinkSD2073','戴尔14z(Ins14zd-1518)',1,1,2,2,2,12500.03,'新品','SSD固态硬盘','2012-9-13 15:00:20','2012-9-19 15:00:20',0);
insert t_product(f_product_id,f_code,f_product_name,f_os_id,f_model_id,f_vendor_id,f_brand_id,f_operator_id,f_price,f_features,f_remark,f_created_time,f_updated_time,f_deleted) values(269,'G42179','戴尔14R Turbo(Ins14TD-1728)',1,1,2,2,2,22500.04,'新品','SSD固态硬盘','2012-9-13 15:00:20','2012-9-19 15:00:20',0);
insert t_product(f_product_id,f_code,f_product_name,f_os_id,f_model_id,f_vendor_id,f_brand_id,f_operator_id,f_price,f_features,f_remark,f_created_time,f_updated_time,f_deleted) values(270,'X0063','戴尔DNAS',1,1,1,2,2,2500.00,'新品','SSD固态硬盘','2012-9-13 15:00:20','2012-9-19 15:00:20',0);
insert t_product(f_product_id,f_code,f_product_name,f_os_id,f_model_id,f_vendor_id,f_brand_id,f_operator_id,f_price,f_features,f_remark,f_created_time,f_updated_time,f_deleted) values(271,'BM2071','戴尔MOSJ',1,1,3,2,2,2500.00,'新品','SSD固态硬盘','2012-9-13 15:00:20','2012-9-19 15:00:20',0);
insert t_product(f_product_id,f_code,f_product_name,f_os_id,f_model_id,f_vendor_id,f_brand_id,f_operator_id,f_price,f_features,f_remark,f_created_time,f_updated_time,f_deleted) values(272,'ThinkSD2074','戴尔17R SD',2,1,3,2,2,2500.00,'新品','硬盘容量：500GB','2012-9-13 15:00:20','2012-9-19 15:00:20',0);
insert t_product(f_product_id,f_code,f_product_name,f_os_id,f_model_id,f_vendor_id,f_brand_id,f_operator_id,f_price,f_features,f_remark,f_created_time,f_updated_time,f_deleted) values(273,'G42180','戴尔XPS 13D-138',2,1,4,2,2,2500.00,'促销','硬盘容量：500GB','2012-9-13 15:00:20','2012-9-19 15:00:20',0);
insert t_product(f_product_id,f_code,f_product_name,f_os_id,f_model_id,f_vendor_id,f_brand_id,f_operator_id,f_price,f_features,f_remark,f_created_time,f_updated_time,f_deleted) values(274,'X0064','戴尔14R Turbo(Ins14TD-1728)',2,1,4,2,2,3523.00,'促销','硬盘容量：500GB','2012-9-13 15:00:20','2012-9-19 15:00:20',0);
insert t_product(f_product_id,f_code,f_product_name,f_os_id,f_model_id,f_vendor_id,f_brand_id,f_operator_id,f_price,f_features,f_remark,f_created_time,f_updated_time,f_deleted) values(275,'BM2072','戴尔14zNS',2,1,5,2,2,2890.00,'促销','硬盘容量：500GB','2012-9-13 15:00:20','2012-9-19 15:00:20',0);
insert t_product(f_product_id,f_code,f_product_name,f_os_id,f_model_id,f_vendor_id,f_brand_id,f_operator_id,f_price,f_features,f_remark,f_created_time,f_updated_time,f_deleted) values(276,'ThinkSD2075','戴尔14R Turbo',2,1,5,2,2,12500.00,'促销','硬盘容量：500GB','2012-9-13 15:00:20','2012-9-19 15:00:20',0);
insert t_product(f_product_id,f_code,f_product_name,f_os_id,f_model_id,f_vendor_id,f_brand_id,f_operator_id,f_price,f_features,f_remark,f_created_time,f_updated_time,f_deleted) values(277,'G42181','惠普431(B7C02PA)',2,4,1,4,2,2999.00,'促销','硬盘容量：500GB','2012-9-13 15:00:20','2012-9-19 15:00:20',0);
insert t_product(f_product_id,f_code,f_product_name,f_os_id,f_model_id,f_vendor_id,f_brand_id,f_operator_id,f_price,f_features,f_remark,f_created_time,f_updated_time,f_deleted) values(278,'X0065','惠普G6-2145TX',3,4,2,4,2,2500.00,'商务机','显卡芯片：NVIDIA GeForce GT 610M','2012-9-13 15:00:20','2012-9-19 15:00:20',0);
insert t_product(f_product_id,f_code,f_product_name,f_os_id,f_model_id,f_vendor_id,f_brand_id,f_operator_id,f_price,f_features,f_remark,f_created_time,f_updated_time,f_deleted) values(279,'BM2073','惠普G4-2118TU ',3,4,3,4,2,4999.00,'商务机','显卡芯片：NVIDIA GeForce GT 610M','2012-9-13 15:00:20','2012-9-19 15:00:20',0);
insert t_product(f_product_id,f_code,f_product_name,f_os_id,f_model_id,f_vendor_id,f_brand_id,f_operator_id,f_price,f_features,f_remark,f_created_time,f_updated_time,f_deleted) values(280,'ThinkSD2076','惠普4436s(C5P68PA)',3,4,4,4,2,4500.00,'商务机','显卡芯片：NVIDIA GeForce GT 610M','2012-9-13 15:00:20','2012-9-19 15:00:20',0);
insert t_product(f_product_id,f_code,f_product_name,f_os_id,f_model_id,f_vendor_id,f_brand_id,f_operator_id,f_price,f_features,f_remark,f_created_time,f_updated_time,f_deleted) values(281,'G42182','惠普g4-2120TX(C5H41PA)',3,4,5,4,2,4500.00,'游戏','显卡芯片：NVIDIA GeForce GT 610M','2012-9-13 15:00:20','2012-9-19 15:00:20',0);
insert t_product(f_product_id,f_code,f_product_name,f_os_id,f_model_id,f_vendor_id,f_brand_id,f_operator_id,f_price,f_features,f_remark,f_created_time,f_updated_time,f_deleted) values(282,'X0066','惠普4441s(B7B95PA)',3,4,2,4,2,2700.00,'游戏','内存容量：4GB','2012-9-13 15:00:20','2012-9-19 15:00:20',0);
insert t_product(f_product_id,f_code,f_product_name,f_os_id,f_model_id,f_vendor_id,f_brand_id,f_operator_id,f_price,f_features,f_remark,f_created_time,f_updated_time,f_deleted) values(283,'BM2074','惠普Envy 6-1016TX',3,4,3,4,2,2980.00,'游戏','内存容量：4GB','2012-9-13 15:00:20','2012-9-19 15:00:20',0);
insert t_product(f_product_id,f_code,f_product_name,f_os_id,f_model_id,f_vendor_id,f_brand_id,f_operator_id,f_price,f_features,f_remark,f_created_time,f_updated_time,f_deleted) values(284,'ThinkSD2077','惠普G4-2118TU',3,4,4,4,2,6500.00,'游戏','内存容量：4GB','2012-9-13 15:00:20','2012-9-19 15:00:20',0);
insert t_product(f_product_id,f_code,f_product_name,f_os_id,f_model_id,f_vendor_id,f_brand_id,f_operator_id,f_price,f_features,f_remark,f_created_time,f_updated_time,f_deleted) values(285,'G42183','惠普g4-2022tx(B3J58PA)',3,4,5,4,2,8500.00,'游戏','内存容量：4GB','2012-9-13 15:00:20','2012-9-19 15:00:20',0);
insert t_product(f_product_id,f_code,f_product_name,f_os_id,f_model_id,f_vendor_id,f_brand_id,f_operator_id,f_price,f_features,f_remark,f_created_time,f_updated_time,f_deleted) values(286,'X0067','戴尔笔记本',1,1,1,2,1,4000.00,'新品','14英寸','2012-9-13 15:00:20','2012-9-19 15:00:20',0);
insert t_product(f_product_id,f_code,f_product_name,f_os_id,f_model_id,f_vendor_id,f_brand_id,f_operator_id,f_price,f_features,f_remark,f_created_time,f_updated_time,f_deleted) values(287,'BM2075','戴尔笔记本',1,1,1,2,1,4000.00,'新品','14英寸','2012-9-13 15:00:20','2012-9-19 15:00:20',0);
insert t_product(f_product_id,f_code,f_product_name,f_os_id,f_model_id,f_vendor_id,f_brand_id,f_operator_id,f_price,f_features,f_remark,f_created_time,f_updated_time,f_deleted) values(288,'ThinkSD2078','联想电脑',2,3,2,1,2,2500.19,'新品','14英寸','2012-9-13 15:00:20','2012-9-19 15:00:20',0);
insert t_product(f_product_id,f_code,f_product_name,f_os_id,f_model_id,f_vendor_id,f_brand_id,f_operator_id,f_price,f_features,f_remark,f_created_time,f_updated_time,f_deleted) values(289,'G42184','联想笔记本',1,3,1,1,2,2600.19,'畅销','14英寸','2012-9-13 15:00:20','2012-9-19 15:00:20',0);
insert t_product(f_product_id,f_code,f_product_name,f_os_id,f_model_id,f_vendor_id,f_brand_id,f_operator_id,f_price,f_features,f_remark,f_created_time,f_updated_time,f_deleted) values(290,'X0068','联想G480AM-IFI',1,3,2,1,2,5500.19,'畅销','14英寸','2012-9-13 15:00:20','2012-9-19 15:00:20',0);
insert t_product(f_product_id,f_code,f_product_name,f_os_id,f_model_id,f_vendor_id,f_brand_id,f_operator_id,f_price,f_features,f_remark,f_created_time,f_updated_time,f_deleted) values(291,'BM2076','联想U410-IFI(暮光灰)',1,3,3,1,2,2500.00,'畅销','14英寸','2012-9-13 15:00:20','2012-9-19 15:00:20',0);
insert t_product(f_product_id,f_code,f_product_name,f_os_id,f_model_id,f_vendor_id,f_brand_id,f_operator_id,f_price,f_features,f_remark,f_created_time,f_updated_time,f_deleted) values(292,'ThinkSD2079','联想G480A-IFI(金属灰)',1,3,4,1,2,4900.01,'畅销','SSD固态硬盘','2012-9-13 15:00:20','2012-9-19 15:00:20',0);
insert t_product(f_product_id,f_code,f_product_name,f_os_id,f_model_id,f_vendor_id,f_brand_id,f_operator_id,f_price,f_features,f_remark,f_created_time,f_updated_time,f_deleted) values(293,'G42185','联想Y580N-IFI',1,3,5,1,2,6500.02,'畅销','SSD固态硬盘','2012-9-13 15:00:20','2012-9-19 15:00:20',0);
insert t_product(f_product_id,f_code,f_product_name,f_os_id,f_model_id,f_vendor_id,f_brand_id,f_operator_id,f_price,f_features,f_remark,f_created_time,f_updated_time,f_deleted) values(294,'X0069','戴尔14z(Ins14zd-1518)',1,1,2,2,2,12500.03,'新品','SSD固态硬盘','2012-9-13 15:00:20','2012-9-19 15:00:20',0);
insert t_product(f_product_id,f_code,f_product_name,f_os_id,f_model_id,f_vendor_id,f_brand_id,f_operator_id,f_price,f_features,f_remark,f_created_time,f_updated_time,f_deleted) values(295,'BM2077','戴尔14R Turbo(Ins14TD-1728)',1,1,2,2,2,22500.04,'新品','SSD固态硬盘','2012-9-13 15:00:20','2012-9-19 15:00:20',0);
insert t_product(f_product_id,f_code,f_product_name,f_os_id,f_model_id,f_vendor_id,f_brand_id,f_operator_id,f_price,f_features,f_remark,f_created_time,f_updated_time,f_deleted) values(296,'ThinkSD2080','戴尔DNAS',1,1,1,2,2,2500.00,'新品','SSD固态硬盘','2012-9-13 15:00:20','2012-9-19 15:00:20',0);
insert t_product(f_product_id,f_code,f_product_name,f_os_id,f_model_id,f_vendor_id,f_brand_id,f_operator_id,f_price,f_features,f_remark,f_created_time,f_updated_time,f_deleted) values(297,'G42186','戴尔MOSJ',1,1,3,2,2,2500.00,'新品','SSD固态硬盘','2012-9-13 15:00:20','2012-9-19 15:00:20',0);
insert t_product(f_product_id,f_code,f_product_name,f_os_id,f_model_id,f_vendor_id,f_brand_id,f_operator_id,f_price,f_features,f_remark,f_created_time,f_updated_time,f_deleted) values(298,'X0070','戴尔17R SD',2,1,3,2,2,2500.00,'新品','硬盘容量：500GB','2012-9-13 15:00:20','2012-9-19 15:00:20',0);
insert t_product(f_product_id,f_code,f_product_name,f_os_id,f_model_id,f_vendor_id,f_brand_id,f_operator_id,f_price,f_features,f_remark,f_created_time,f_updated_time,f_deleted) values(299,'BM2078','戴尔XPS 13D-138',2,1,4,2,2,2500.00,'促销','硬盘容量：500GB','2012-9-13 15:00:20','2012-9-19 15:00:20',0);
insert t_product(f_product_id,f_code,f_product_name,f_os_id,f_model_id,f_vendor_id,f_brand_id,f_operator_id,f_price,f_features,f_remark,f_created_time,f_updated_time,f_deleted) values(300,'ThinkSD2081','戴尔14R Turbo(Ins14TD-1728)',2,1,4,2,2,3523.00,'促销','硬盘容量：500GB','2012-9-13 15:00:20','2012-9-19 15:00:20',0);
insert t_product(f_product_id,f_code,f_product_name,f_os_id,f_model_id,f_vendor_id,f_brand_id,f_operator_id,f_price,f_features,f_remark,f_created_time,f_updated_time,f_deleted) values(301,'G42187','戴尔14zNS',2,1,5,2,2,2890.00,'促销','硬盘容量：500GB','2012-9-13 15:00:20','2012-9-19 15:00:20',0);
insert t_product(f_product_id,f_code,f_product_name,f_os_id,f_model_id,f_vendor_id,f_brand_id,f_operator_id,f_price,f_features,f_remark,f_created_time,f_updated_time,f_deleted) values(302,'X0071','戴尔14R Turbo',2,1,5,2,2,12500.00,'促销','硬盘容量：500GB','2012-9-13 15:00:20','2012-9-19 15:00:20',0);
insert t_product(f_product_id,f_code,f_product_name,f_os_id,f_model_id,f_vendor_id,f_brand_id,f_operator_id,f_price,f_features,f_remark,f_created_time,f_updated_time,f_deleted) values(303,'BM2079','惠普431(B7C02PA)',2,4,1,4,2,2999.00,'促销','硬盘容量：500GB','2012-9-13 15:00:20','2012-9-19 15:00:20',0);
insert t_product(f_product_id,f_code,f_product_name,f_os_id,f_model_id,f_vendor_id,f_brand_id,f_operator_id,f_price,f_features,f_remark,f_created_time,f_updated_time,f_deleted) values(304,'ThinkSD2082','惠普G6-2145TX',3,4,2,4,2,2500.00,'商务机','显卡芯片：NVIDIA GeForce GT 610M','2012-9-13 15:00:20','2012-9-19 15:00:20',0);
insert t_product(f_product_id,f_code,f_product_name,f_os_id,f_model_id,f_vendor_id,f_brand_id,f_operator_id,f_price,f_features,f_remark,f_created_time,f_updated_time,f_deleted) values(305,'G42188','惠普G4-2118TU ',3,4,3,4,2,4999.00,'商务机','显卡芯片：NVIDIA GeForce GT 610M','2012-9-13 15:00:20','2012-9-19 15:00:20',0);
insert t_product(f_product_id,f_code,f_product_name,f_os_id,f_model_id,f_vendor_id,f_brand_id,f_operator_id,f_price,f_features,f_remark,f_created_time,f_updated_time,f_deleted) values(306,'X0072','惠普4436s(C5P68PA)',3,4,4,4,2,4500.00,'商务机','显卡芯片：NVIDIA GeForce GT 610M','2012-9-13 15:00:20','2012-9-19 15:00:20',0);
insert t_product(f_product_id,f_code,f_product_name,f_os_id,f_model_id,f_vendor_id,f_brand_id,f_operator_id,f_price,f_features,f_remark,f_created_time,f_updated_time,f_deleted) values(307,'BM2080','惠普g4-2120TX(C5H41PA)',3,4,5,4,2,4500.00,'游戏','显卡芯片：NVIDIA GeForce GT 610M','2012-9-13 15:00:20','2012-9-19 15:00:20',0);
insert t_product(f_product_id,f_code,f_product_name,f_os_id,f_model_id,f_vendor_id,f_brand_id,f_operator_id,f_price,f_features,f_remark,f_created_time,f_updated_time,f_deleted) values(308,'ThinkSD2083','惠普4441s(B7B95PA)',3,4,2,4,2,2700.00,'游戏','内存容量：4GB','2012-9-13 15:00:20','2012-9-19 15:00:20',0);
insert t_product(f_product_id,f_code,f_product_name,f_os_id,f_model_id,f_vendor_id,f_brand_id,f_operator_id,f_price,f_features,f_remark,f_created_time,f_updated_time,f_deleted) values(309,'G42189','惠普Envy 6-1016TX',3,4,3,4,2,2980.00,'游戏','内存容量：4GB','2012-9-13 15:00:20','2012-9-19 15:00:20',0);
insert t_product(f_product_id,f_code,f_product_name,f_os_id,f_model_id,f_vendor_id,f_brand_id,f_operator_id,f_price,f_features,f_remark,f_created_time,f_updated_time,f_deleted) values(310,'X0073','惠普G4-2118TU',3,4,4,4,2,6500.00,'游戏','内存容量：4GB','2012-9-13 15:00:20','2012-9-19 15:00:20',0);
insert t_product(f_product_id,f_code,f_product_name,f_os_id,f_model_id,f_vendor_id,f_brand_id,f_operator_id,f_price,f_features,f_remark,f_created_time,f_updated_time,f_deleted) values(311,'BM2081','惠普g4-2022tx(B3J58PA)',3,4,5,4,2,8500.00,'游戏','内存容量：4GB','2012-9-13 15:00:20','2012-9-19 15:00:20',0);
insert t_product(f_product_id,f_code,f_product_name,f_os_id,f_model_id,f_vendor_id,f_brand_id,f_operator_id,f_price,f_features,f_remark,f_created_time,f_updated_time,f_deleted) values(312,'ThinkSD2084','戴尔笔记本',1,1,1,2,1,4000.00,'新品','14英寸','2012-9-13 15:00:20','2012-9-19 15:00:20',0);
insert t_product(f_product_id,f_code,f_product_name,f_os_id,f_model_id,f_vendor_id,f_brand_id,f_operator_id,f_price,f_features,f_remark,f_created_time,f_updated_time,f_deleted) values(313,'G42190','戴尔笔记本',1,1,1,2,1,4000.00,'新品','14英寸','2012-9-13 15:00:20','2012-9-19 15:00:20',0);
insert t_product(f_product_id,f_code,f_product_name,f_os_id,f_model_id,f_vendor_id,f_brand_id,f_operator_id,f_price,f_features,f_remark,f_created_time,f_updated_time,f_deleted) values(314,'X0074','联想电脑',2,3,2,1,2,2500.19,'新品','14英寸','2012-9-13 15:00:20','2012-9-19 15:00:20',0);
insert t_product(f_product_id,f_code,f_product_name,f_os_id,f_model_id,f_vendor_id,f_brand_id,f_operator_id,f_price,f_features,f_remark,f_created_time,f_updated_time,f_deleted) values(315,'BM2082','联想笔记本',1,3,1,1,2,2600.19,'畅销','14英寸','2012-9-13 15:00:20','2012-9-19 15:00:20',0);
insert t_product(f_product_id,f_code,f_product_name,f_os_id,f_model_id,f_vendor_id,f_brand_id,f_operator_id,f_price,f_features,f_remark,f_created_time,f_updated_time,f_deleted) values(316,'ThinkSD2085','联想G480AM-IFI',1,3,2,1,2,5500.19,'畅销','14英寸','2012-9-13 15:00:20','2012-9-19 15:00:20',0);
insert t_product(f_product_id,f_code,f_product_name,f_os_id,f_model_id,f_vendor_id,f_brand_id,f_operator_id,f_price,f_features,f_remark,f_created_time,f_updated_time,f_deleted) values(317,'G42191','联想U410-IFI(暮光灰)',1,3,3,1,2,2500.00,'畅销','14英寸','2012-9-13 15:00:20','2012-9-19 15:00:20',0);
insert t_product(f_product_id,f_code,f_product_name,f_os_id,f_model_id,f_vendor_id,f_brand_id,f_operator_id,f_price,f_features,f_remark,f_created_time,f_updated_time,f_deleted) values(318,'X0075','联想G480A-IFI(金属灰)',1,3,4,1,2,4900.01,'畅销','SSD固态硬盘','2012-9-13 15:00:20','2012-9-19 15:00:20',0);
insert t_product(f_product_id,f_code,f_product_name,f_os_id,f_model_id,f_vendor_id,f_brand_id,f_operator_id,f_price,f_features,f_remark,f_created_time,f_updated_time,f_deleted) values(319,'BM2083','联想Y580N-IFI',1,3,5,1,2,6500.02,'畅销','SSD固态硬盘','2012-9-13 15:00:20','2012-9-19 15:00:20',0);
insert t_product(f_product_id,f_code,f_product_name,f_os_id,f_model_id,f_vendor_id,f_brand_id,f_operator_id,f_price,f_features,f_remark,f_created_time,f_updated_time,f_deleted) values(320,'ThinkSD2086','戴尔14z(Ins14zd-1518)',1,1,2,2,2,12500.03,'新品','SSD固态硬盘','2012-9-13 15:00:20','2012-9-19 15:00:20',0);
insert t_product(f_product_id,f_code,f_product_name,f_os_id,f_model_id,f_vendor_id,f_brand_id,f_operator_id,f_price,f_features,f_remark,f_created_time,f_updated_time,f_deleted) values(321,'G42192','戴尔14R Turbo(Ins14TD-1728)',1,1,2,2,2,22500.04,'新品','SSD固态硬盘','2012-9-13 15:00:20','2012-9-19 15:00:20',0);
insert t_product(f_product_id,f_code,f_product_name,f_os_id,f_model_id,f_vendor_id,f_brand_id,f_operator_id,f_price,f_features,f_remark,f_created_time,f_updated_time,f_deleted) values(322,'X0076','戴尔DNAS',1,1,1,2,2,2500.00,'新品','SSD固态硬盘','2012-9-13 15:00:20','2012-9-19 15:00:20',0);
insert t_product(f_product_id,f_code,f_product_name,f_os_id,f_model_id,f_vendor_id,f_brand_id,f_operator_id,f_price,f_features,f_remark,f_created_time,f_updated_time,f_deleted) values(323,'BM2084','戴尔MOSJ',1,1,3,2,2,2500.00,'新品','SSD固态硬盘','2012-9-13 15:00:20','2012-9-19 15:00:20',0);
insert t_product(f_product_id,f_code,f_product_name,f_os_id,f_model_id,f_vendor_id,f_brand_id,f_operator_id,f_price,f_features,f_remark,f_created_time,f_updated_time,f_deleted) values(324,'ThinkSD2087','戴尔17R SD',2,1,3,2,2,2500.00,'新品','硬盘容量：500GB','2012-9-13 15:00:20','2012-9-19 15:00:20',0);
insert t_product(f_product_id,f_code,f_product_name,f_os_id,f_model_id,f_vendor_id,f_brand_id,f_operator_id,f_price,f_features,f_remark,f_created_time,f_updated_time,f_deleted) values(325,'G42193','戴尔XPS 13D-138',2,1,4,2,2,2500.00,'促销','硬盘容量：500GB','2012-9-13 15:00:20','2012-9-19 15:00:20',0);
insert t_product(f_product_id,f_code,f_product_name,f_os_id,f_model_id,f_vendor_id,f_brand_id,f_operator_id,f_price,f_features,f_remark,f_created_time,f_updated_time,f_deleted) values(326,'X0077','戴尔14R Turbo(Ins14TD-1728)',2,1,4,2,2,3523.00,'促销','硬盘容量：500GB','2012-9-13 15:00:20','2012-9-19 15:00:20',0);
insert t_product(f_product_id,f_code,f_product_name,f_os_id,f_model_id,f_vendor_id,f_brand_id,f_operator_id,f_price,f_features,f_remark,f_created_time,f_updated_time,f_deleted) values(327,'BM2085','戴尔14zNS',2,1,5,2,2,2890.00,'促销','硬盘容量：500GB','2012-9-13 15:00:20','2012-9-19 15:00:20',0);
insert t_product(f_product_id,f_code,f_product_name,f_os_id,f_model_id,f_vendor_id,f_brand_id,f_operator_id,f_price,f_features,f_remark,f_created_time,f_updated_time,f_deleted) values(328,'ThinkSD2088','戴尔14R Turbo',2,1,5,2,2,12500.00,'促销','硬盘容量：500GB','2012-9-13 15:00:20','2012-9-19 15:00:20',0);
insert t_product(f_product_id,f_code,f_product_name,f_os_id,f_model_id,f_vendor_id,f_brand_id,f_operator_id,f_price,f_features,f_remark,f_created_time,f_updated_time,f_deleted) values(329,'G42194','惠普431(B7C02PA)',2,4,1,4,2,2999.00,'促销','硬盘容量：500GB','2012-9-13 15:00:20','2012-9-19 15:00:20',0);
insert t_product(f_product_id,f_code,f_product_name,f_os_id,f_model_id,f_vendor_id,f_brand_id,f_operator_id,f_price,f_features,f_remark,f_created_time,f_updated_time,f_deleted) values(330,'X0078','惠普G6-2145TX',3,4,2,4,2,2500.00,'商务机','显卡芯片：NVIDIA GeForce GT 610M','2012-9-13 15:00:20','2012-9-19 15:00:20',0);
insert t_product(f_product_id,f_code,f_product_name,f_os_id,f_model_id,f_vendor_id,f_brand_id,f_operator_id,f_price,f_features,f_remark,f_created_time,f_updated_time,f_deleted) values(331,'BM2086','惠普G4-2118TU ',3,4,3,4,2,4999.00,'商务机','显卡芯片：NVIDIA GeForce GT 610M','2012-9-13 15:00:20','2012-9-19 15:00:20',0);
insert t_product(f_product_id,f_code,f_product_name,f_os_id,f_model_id,f_vendor_id,f_brand_id,f_operator_id,f_price,f_features,f_remark,f_created_time,f_updated_time,f_deleted) values(332,'ThinkSD2089','惠普4436s(C5P68PA)',3,4,4,4,2,4500.00,'商务机','显卡芯片：NVIDIA GeForce GT 610M','2012-9-13 15:00:20','2012-9-19 15:00:20',0);
insert t_product(f_product_id,f_code,f_product_name,f_os_id,f_model_id,f_vendor_id,f_brand_id,f_operator_id,f_price,f_features,f_remark,f_created_time,f_updated_time,f_deleted) values(333,'G42195','惠普g4-2120TX(C5H41PA)',3,4,5,4,2,4500.00,'游戏','显卡芯片：NVIDIA GeForce GT 610M','2012-9-13 15:00:20','2012-9-19 15:00:20',0);
insert t_product(f_product_id,f_code,f_product_name,f_os_id,f_model_id,f_vendor_id,f_brand_id,f_operator_id,f_price,f_features,f_remark,f_created_time,f_updated_time,f_deleted) values(334,'X0079','惠普4441s(B7B95PA)',3,4,2,4,2,2700.00,'游戏','内存容量：4GB','2012-9-13 15:00:20','2012-9-19 15:00:20',0);
insert t_product(f_product_id,f_code,f_product_name,f_os_id,f_model_id,f_vendor_id,f_brand_id,f_operator_id,f_price,f_features,f_remark,f_created_time,f_updated_time,f_deleted) values(335,'BM2087','惠普Envy 6-1016TX',3,4,3,4,2,2980.00,'游戏','内存容量：4GB','2012-9-13 15:00:20','2012-9-19 15:00:20',0);
insert t_product(f_product_id,f_code,f_product_name,f_os_id,f_model_id,f_vendor_id,f_brand_id,f_operator_id,f_price,f_features,f_remark,f_created_time,f_updated_time,f_deleted) values(336,'ThinkSD2090','惠普G4-2118TU',3,4,4,4,2,6500.00,'游戏','内存容量：4GB','2012-9-13 15:00:20','2012-9-19 15:00:20',0);
insert t_product(f_product_id,f_code,f_product_name,f_os_id,f_model_id,f_vendor_id,f_brand_id,f_operator_id,f_price,f_features,f_remark,f_created_time,f_updated_time,f_deleted) values(337,'G42196','惠普g4-2022tx(B3J58PA)',3,4,5,4,2,8500.00,'游戏','内存容量：4GB','2012-9-13 15:00:20','2012-9-19 15:00:20',0);
insert t_product(f_product_id,f_code,f_product_name,f_os_id,f_model_id,f_vendor_id,f_brand_id,f_operator_id,f_price,f_features,f_remark,f_created_time,f_updated_time,f_deleted) values(338,'X0080','戴尔笔记本',1,1,1,2,1,4000.00,'新品','14英寸','2012-9-13 15:00:20','2012-9-19 15:00:20',0);
insert t_product(f_product_id,f_code,f_product_name,f_os_id,f_model_id,f_vendor_id,f_brand_id,f_operator_id,f_price,f_features,f_remark,f_created_time,f_updated_time,f_deleted) values(339,'BM2088','戴尔笔记本',1,1,1,2,1,4000.00,'新品','14英寸','2012-9-13 15:00:20','2012-9-19 15:00:20',0);
insert t_product(f_product_id,f_code,f_product_name,f_os_id,f_model_id,f_vendor_id,f_brand_id,f_operator_id,f_price,f_features,f_remark,f_created_time,f_updated_time,f_deleted) values(340,'ThinkSD2091','联想电脑',2,3,2,1,2,2500.19,'新品','14英寸','2012-9-13 15:00:20','2012-9-19 15:00:20',0);
insert t_product(f_product_id,f_code,f_product_name,f_os_id,f_model_id,f_vendor_id,f_brand_id,f_operator_id,f_price,f_features,f_remark,f_created_time,f_updated_time,f_deleted) values(341,'G42197','联想笔记本',1,3,1,1,2,2600.19,'畅销','14英寸','2012-9-13 15:00:20','2012-9-19 15:00:20',0);
insert t_product(f_product_id,f_code,f_product_name,f_os_id,f_model_id,f_vendor_id,f_brand_id,f_operator_id,f_price,f_features,f_remark,f_created_time,f_updated_time,f_deleted) values(342,'X0081','联想G480AM-IFI',1,3,2,1,2,5500.19,'畅销','14英寸','2012-9-13 15:00:20','2012-9-19 15:00:20',0);
insert t_product(f_product_id,f_code,f_product_name,f_os_id,f_model_id,f_vendor_id,f_brand_id,f_operator_id,f_price,f_features,f_remark,f_created_time,f_updated_time,f_deleted) values(343,'BM2089','联想U410-IFI(暮光灰)',1,3,3,1,2,2500.00,'畅销','14英寸','2012-9-13 15:00:20','2012-9-19 15:00:20',0);
insert t_product(f_product_id,f_code,f_product_name,f_os_id,f_model_id,f_vendor_id,f_brand_id,f_operator_id,f_price,f_features,f_remark,f_created_time,f_updated_time,f_deleted) values(344,'ThinkSD2092','联想G480A-IFI(金属灰)',1,3,4,1,2,4900.01,'畅销','SSD固态硬盘','2012-9-13 15:00:20','2012-9-19 15:00:20',0);
insert t_product(f_product_id,f_code,f_product_name,f_os_id,f_model_id,f_vendor_id,f_brand_id,f_operator_id,f_price,f_features,f_remark,f_created_time,f_updated_time,f_deleted) values(345,'G42198','联想Y580N-IFI',1,3,5,1,2,6500.02,'畅销','SSD固态硬盘','2012-9-13 15:00:20','2012-9-19 15:00:20',0);
insert t_product(f_product_id,f_code,f_product_name,f_os_id,f_model_id,f_vendor_id,f_brand_id,f_operator_id,f_price,f_features,f_remark,f_created_time,f_updated_time,f_deleted) values(346,'X0082','戴尔14z(Ins14zd-1518)',1,1,2,2,2,12500.03,'新品','SSD固态硬盘','2012-9-13 15:00:20','2012-9-19 15:00:20',0);
insert t_product(f_product_id,f_code,f_product_name,f_os_id,f_model_id,f_vendor_id,f_brand_id,f_operator_id,f_price,f_features,f_remark,f_created_time,f_updated_time,f_deleted) values(347,'BM2090','戴尔14R Turbo(Ins14TD-1728)',1,1,2,2,2,22500.04,'新品','SSD固态硬盘','2012-9-13 15:00:20','2012-9-19 15:00:20',0);
insert t_product(f_product_id,f_code,f_product_name,f_os_id,f_model_id,f_vendor_id,f_brand_id,f_operator_id,f_price,f_features,f_remark,f_created_time,f_updated_time,f_deleted) values(348,'ThinkSD2093','戴尔DNAS',1,1,1,2,2,2500.00,'新品','SSD固态硬盘','2012-9-13 15:00:20','2012-9-19 15:00:20',0);
insert t_product(f_product_id,f_code,f_product_name,f_os_id,f_model_id,f_vendor_id,f_brand_id,f_operator_id,f_price,f_features,f_remark,f_created_time,f_updated_time,f_deleted) values(349,'G42199','戴尔MOSJ',1,1,3,2,2,2500.00,'新品','SSD固态硬盘','2012-9-13 15:00:20','2012-9-19 15:00:20',0);
insert t_product(f_product_id,f_code,f_product_name,f_os_id,f_model_id,f_vendor_id,f_brand_id,f_operator_id,f_price,f_features,f_remark,f_created_time,f_updated_time,f_deleted) values(350,'X0083','戴尔17R SD',2,1,3,2,2,2500.00,'新品','硬盘容量：500GB','2012-9-13 15:00:20','2012-9-19 15:00:20',0);
insert t_product(f_product_id,f_code,f_product_name,f_os_id,f_model_id,f_vendor_id,f_brand_id,f_operator_id,f_price,f_features,f_remark,f_created_time,f_updated_time,f_deleted) values(351,'BM2091','戴尔XPS 13D-138',2,1,4,2,2,2500.00,'促销','硬盘容量：500GB','2012-9-13 15:00:20','2012-9-19 15:00:20',0);
insert t_product(f_product_id,f_code,f_product_name,f_os_id,f_model_id,f_vendor_id,f_brand_id,f_operator_id,f_price,f_features,f_remark,f_created_time,f_updated_time,f_deleted) values(352,'ThinkSD2094','戴尔14R Turbo(Ins14TD-1728)',2,1,4,2,2,3523.00,'促销','硬盘容量：500GB','2012-9-13 15:00:20','2012-9-19 15:00:20',0);
insert t_product(f_product_id,f_code,f_product_name,f_os_id,f_model_id,f_vendor_id,f_brand_id,f_operator_id,f_price,f_features,f_remark,f_created_time,f_updated_time,f_deleted) values(353,'G42200','戴尔14zNS',2,1,5,2,2,2890.00,'促销','硬盘容量：500GB','2012-9-13 15:00:20','2012-9-19 15:00:20',0);
insert t_product(f_product_id,f_code,f_product_name,f_os_id,f_model_id,f_vendor_id,f_brand_id,f_operator_id,f_price,f_features,f_remark,f_created_time,f_updated_time,f_deleted) values(354,'X0084','戴尔14R Turbo',2,1,5,2,2,12500.00,'促销','硬盘容量：500GB','2012-9-13 15:00:20','2012-9-19 15:00:20',0);
insert t_product(f_product_id,f_code,f_product_name,f_os_id,f_model_id,f_vendor_id,f_brand_id,f_operator_id,f_price,f_features,f_remark,f_created_time,f_updated_time,f_deleted) values(355,'BM2092','惠普431(B7C02PA)',2,4,1,4,2,2999.00,'促销','硬盘容量：500GB','2012-9-13 15:00:20','2012-9-19 15:00:20',0);
insert t_product(f_product_id,f_code,f_product_name,f_os_id,f_model_id,f_vendor_id,f_brand_id,f_operator_id,f_price,f_features,f_remark,f_created_time,f_updated_time,f_deleted) values(356,'ThinkSD2095','惠普G6-2145TX',3,4,2,4,2,2500.00,'商务机','显卡芯片：NVIDIA GeForce GT 610M','2012-9-13 15:00:20','2012-9-19 15:00:20',0);
insert t_product(f_product_id,f_code,f_product_name,f_os_id,f_model_id,f_vendor_id,f_brand_id,f_operator_id,f_price,f_features,f_remark,f_created_time,f_updated_time,f_deleted) values(357,'G42201','惠普G4-2118TU ',3,4,3,4,2,4999.00,'商务机','显卡芯片：NVIDIA GeForce GT 610M','2012-9-13 15:00:20','2012-9-19 15:00:20',0);
insert t_product(f_product_id,f_code,f_product_name,f_os_id,f_model_id,f_vendor_id,f_brand_id,f_operator_id,f_price,f_features,f_remark,f_created_time,f_updated_time,f_deleted) values(358,'X0085','惠普4436s(C5P68PA)',3,4,4,4,2,4500.00,'商务机','显卡芯片：NVIDIA GeForce GT 610M','2012-9-13 15:00:20','2012-9-19 15:00:20',0);
insert t_product(f_product_id,f_code,f_product_name,f_os_id,f_model_id,f_vendor_id,f_brand_id,f_operator_id,f_price,f_features,f_remark,f_created_time,f_updated_time,f_deleted) values(359,'BM2093','惠普g4-2120TX(C5H41PA)',3,4,5,4,2,4500.00,'游戏','显卡芯片：NVIDIA GeForce GT 610M','2012-9-13 15:00:20','2012-9-19 15:00:20',0);
insert t_product(f_product_id,f_code,f_product_name,f_os_id,f_model_id,f_vendor_id,f_brand_id,f_operator_id,f_price,f_features,f_remark,f_created_time,f_updated_time,f_deleted) values(360,'ThinkSD2096','惠普4441s(B7B95PA)',3,4,2,4,2,2700.00,'游戏','内存容量：4GB','2012-9-13 15:00:20','2012-9-19 15:00:20',0);
insert t_product(f_product_id,f_code,f_product_name,f_os_id,f_model_id,f_vendor_id,f_brand_id,f_operator_id,f_price,f_features,f_remark,f_created_time,f_updated_time,f_deleted) values(361,'G42202','惠普Envy 6-1016TX',3,4,3,4,2,2980.00,'游戏','内存容量：4GB','2012-9-13 15:00:20','2012-9-19 15:00:20',0);
insert t_product(f_product_id,f_code,f_product_name,f_os_id,f_model_id,f_vendor_id,f_brand_id,f_operator_id,f_price,f_features,f_remark,f_created_time,f_updated_time,f_deleted) values(362,'X0086','惠普G4-2118TU',3,4,4,4,2,6500.00,'游戏','内存容量：4GB','2012-9-13 15:00:20','2012-9-19 15:00:20',0);
insert t_product(f_product_id,f_code,f_product_name,f_os_id,f_model_id,f_vendor_id,f_brand_id,f_operator_id,f_price,f_features,f_remark,f_created_time,f_updated_time,f_deleted) values(363,'BM2094','惠普g4-2022tx(B3J58PA)',3,4,5,4,2,8500.00,'游戏','内存容量：4GB','2012-9-13 15:00:20','2012-9-19 15:00:20',0);
insert t_product(f_product_id,f_code,f_product_name,f_os_id,f_model_id,f_vendor_id,f_brand_id,f_operator_id,f_price,f_features,f_remark,f_created_time,f_updated_time,f_deleted) values(364,'ThinkSD2097','戴尔笔记本',1,1,1,2,1,4000.00,'新品','14英寸','2012-9-13 15:00:20','2012-9-19 15:00:20',0);
insert t_product(f_product_id,f_code,f_product_name,f_os_id,f_model_id,f_vendor_id,f_brand_id,f_operator_id,f_price,f_features,f_remark,f_created_time,f_updated_time,f_deleted) values(365,'G42203','戴尔笔记本',1,1,1,2,1,4000.00,'新品','14英寸','2012-9-13 15:00:20','2012-9-19 15:00:20',0);
insert t_product(f_product_id,f_code,f_product_name,f_os_id,f_model_id,f_vendor_id,f_brand_id,f_operator_id,f_price,f_features,f_remark,f_created_time,f_updated_time,f_deleted) values(366,'X0087','联想电脑',2,3,2,1,2,2500.19,'新品','14英寸','2012-9-13 15:00:20','2012-9-19 15:00:20',0);
insert t_product(f_product_id,f_code,f_product_name,f_os_id,f_model_id,f_vendor_id,f_brand_id,f_operator_id,f_price,f_features,f_remark,f_created_time,f_updated_time,f_deleted) values(367,'BM2095','联想笔记本',1,3,1,1,2,2600.19,'畅销','14英寸','2012-9-13 15:00:20','2012-9-19 15:00:20',0);
insert t_product(f_product_id,f_code,f_product_name,f_os_id,f_model_id,f_vendor_id,f_brand_id,f_operator_id,f_price,f_features,f_remark,f_created_time,f_updated_time,f_deleted) values(368,'ThinkSD2098','联想G480AM-IFI',1,3,2,1,2,5500.19,'畅销','14英寸','2012-9-13 15:00:20','2012-9-19 15:00:20',0);
insert t_product(f_product_id,f_code,f_product_name,f_os_id,f_model_id,f_vendor_id,f_brand_id,f_operator_id,f_price,f_features,f_remark,f_created_time,f_updated_time,f_deleted) values(369,'G42204','联想U410-IFI(暮光灰)',1,3,3,1,2,2500.00,'畅销','14英寸','2012-9-13 15:00:20','2012-9-19 15:00:20',0);
insert t_product(f_product_id,f_code,f_product_name,f_os_id,f_model_id,f_vendor_id,f_brand_id,f_operator_id,f_price,f_features,f_remark,f_created_time,f_updated_time,f_deleted) values(370,'X0088','联想G480A-IFI(金属灰)',1,3,4,1,2,4900.01,'畅销','SSD固态硬盘','2012-9-13 15:00:20','2012-9-19 15:00:20',0);
insert t_product(f_product_id,f_code,f_product_name,f_os_id,f_model_id,f_vendor_id,f_brand_id,f_operator_id,f_price,f_features,f_remark,f_created_time,f_updated_time,f_deleted) values(371,'BM2096','联想Y580N-IFI',1,3,5,1,2,6500.02,'畅销','SSD固态硬盘','2012-9-13 15:00:20','2012-9-19 15:00:20',0);
insert t_product(f_product_id,f_code,f_product_name,f_os_id,f_model_id,f_vendor_id,f_brand_id,f_operator_id,f_price,f_features,f_remark,f_created_time,f_updated_time,f_deleted) values(372,'ThinkSD2099','戴尔14z(Ins14zd-1518)',1,1,2,2,2,12500.03,'新品','SSD固态硬盘','2012-9-13 15:00:20','2012-9-19 15:00:20',0);
insert t_product(f_product_id,f_code,f_product_name,f_os_id,f_model_id,f_vendor_id,f_brand_id,f_operator_id,f_price,f_features,f_remark,f_created_time,f_updated_time,f_deleted) values(373,'G42205','戴尔14R Turbo(Ins14TD-1728)',1,1,2,2,2,22500.04,'新品','SSD固态硬盘','2012-9-13 15:00:20','2012-9-19 15:00:20',0);
insert t_product(f_product_id,f_code,f_product_name,f_os_id,f_model_id,f_vendor_id,f_brand_id,f_operator_id,f_price,f_features,f_remark,f_created_time,f_updated_time,f_deleted) values(374,'X0089','戴尔DNAS',1,1,1,2,2,2500.00,'新品','SSD固态硬盘','2012-9-13 15:00:20','2012-9-19 15:00:20',0);
insert t_product(f_product_id,f_code,f_product_name,f_os_id,f_model_id,f_vendor_id,f_brand_id,f_operator_id,f_price,f_features,f_remark,f_created_time,f_updated_time,f_deleted) values(375,'BM2097','戴尔MOSJ',1,1,3,2,2,2500.00,'新品','SSD固态硬盘','2012-9-13 15:00:20','2012-9-19 15:00:20',0);
insert t_product(f_product_id,f_code,f_product_name,f_os_id,f_model_id,f_vendor_id,f_brand_id,f_operator_id,f_price,f_features,f_remark,f_created_time,f_updated_time,f_deleted) values(376,'ThinkSD2100','戴尔17R SD',2,1,3,2,2,2500.00,'新品','硬盘容量：500GB','2012-9-13 15:00:20','2012-9-19 15:00:20',0);
insert t_product(f_product_id,f_code,f_product_name,f_os_id,f_model_id,f_vendor_id,f_brand_id,f_operator_id,f_price,f_features,f_remark,f_created_time,f_updated_time,f_deleted) values(377,'G42206','戴尔XPS 13D-138',2,1,4,2,2,2500.00,'促销','硬盘容量：500GB','2012-9-13 15:00:20','2012-9-19 15:00:20',0);
insert t_product(f_product_id,f_code,f_product_name,f_os_id,f_model_id,f_vendor_id,f_brand_id,f_operator_id,f_price,f_features,f_remark,f_created_time,f_updated_time,f_deleted) values(378,'X0090','戴尔14R Turbo(Ins14TD-1728)',2,1,4,2,2,3523.00,'促销','硬盘容量：500GB','2012-9-13 15:00:20','2012-9-19 15:00:20',0);
insert t_product(f_product_id,f_code,f_product_name,f_os_id,f_model_id,f_vendor_id,f_brand_id,f_operator_id,f_price,f_features,f_remark,f_created_time,f_updated_time,f_deleted) values(379,'BM2098','戴尔14zNS',2,1,5,2,2,2890.00,'促销','硬盘容量：500GB','2012-9-13 15:00:20','2012-9-19 15:00:20',0);
insert t_product(f_product_id,f_code,f_product_name,f_os_id,f_model_id,f_vendor_id,f_brand_id,f_operator_id,f_price,f_features,f_remark,f_created_time,f_updated_time,f_deleted) values(380,'ThinkSD2101','戴尔14R Turbo',2,1,5,2,2,12500.00,'促销','硬盘容量：500GB','2012-9-13 15:00:20','2012-9-19 15:00:20',0);
insert t_product(f_product_id,f_code,f_product_name,f_os_id,f_model_id,f_vendor_id,f_brand_id,f_operator_id,f_price,f_features,f_remark,f_created_time,f_updated_time,f_deleted) values(381,'G42207','惠普431(B7C02PA)',2,4,1,4,2,2999.00,'促销','硬盘容量：500GB','2012-9-13 15:00:20','2012-9-19 15:00:20',0);
insert t_product(f_product_id,f_code,f_product_name,f_os_id,f_model_id,f_vendor_id,f_brand_id,f_operator_id,f_price,f_features,f_remark,f_created_time,f_updated_time,f_deleted) values(382,'X0091','惠普G6-2145TX',3,4,2,4,2,2500.00,'商务机','显卡芯片：NVIDIA GeForce GT 610M','2012-9-13 15:00:20','2012-9-19 15:00:20',0);
insert t_product(f_product_id,f_code,f_product_name,f_os_id,f_model_id,f_vendor_id,f_brand_id,f_operator_id,f_price,f_features,f_remark,f_created_time,f_updated_time,f_deleted) values(383,'BM2099','惠普G4-2118TU ',3,4,3,4,2,4999.00,'商务机','显卡芯片：NVIDIA GeForce GT 610M','2012-9-13 15:00:20','2012-9-19 15:00:20',0);
insert t_product(f_product_id,f_code,f_product_name,f_os_id,f_model_id,f_vendor_id,f_brand_id,f_operator_id,f_price,f_features,f_remark,f_created_time,f_updated_time,f_deleted) values(384,'ThinkSD2102','惠普4436s(C5P68PA)',3,4,4,4,2,4500.00,'商务机','显卡芯片：NVIDIA GeForce GT 610M','2012-9-13 15:00:20','2012-9-19 15:00:20',0);
insert t_product(f_product_id,f_code,f_product_name,f_os_id,f_model_id,f_vendor_id,f_brand_id,f_operator_id,f_price,f_features,f_remark,f_created_time,f_updated_time,f_deleted) values(385,'G42208','惠普g4-2120TX(C5H41PA)',3,4,5,4,2,4500.00,'游戏','显卡芯片：NVIDIA GeForce GT 610M','2012-9-13 15:00:20','2012-9-19 15:00:20',0);
insert t_product(f_product_id,f_code,f_product_name,f_os_id,f_model_id,f_vendor_id,f_brand_id,f_operator_id,f_price,f_features,f_remark,f_created_time,f_updated_time,f_deleted) values(386,'X0092','惠普4441s(B7B95PA)',3,4,2,4,2,2700.00,'游戏','内存容量：4GB','2012-9-13 15:00:20','2012-9-19 15:00:20',0);
insert t_product(f_product_id,f_code,f_product_name,f_os_id,f_model_id,f_vendor_id,f_brand_id,f_operator_id,f_price,f_features,f_remark,f_created_time,f_updated_time,f_deleted) values(387,'BM2100','惠普Envy 6-1016TX',3,4,3,4,2,2980.00,'游戏','内存容量：4GB','2012-9-13 15:00:20','2012-9-19 15:00:20',0);
insert t_product(f_product_id,f_code,f_product_name,f_os_id,f_model_id,f_vendor_id,f_brand_id,f_operator_id,f_price,f_features,f_remark,f_created_time,f_updated_time,f_deleted) values(388,'ThinkSD2103','惠普G4-2118TU',3,4,4,4,2,6500.00,'游戏','内存容量：4GB','2012-9-13 15:00:20','2012-9-19 15:00:20',0);
insert t_product(f_product_id,f_code,f_product_name,f_os_id,f_model_id,f_vendor_id,f_brand_id,f_operator_id,f_price,f_features,f_remark,f_created_time,f_updated_time,f_deleted) values(389,'G42209','惠普g4-2022tx(B3J58PA)',3,4,5,4,2,8500.00,'游戏','内存容量：4GB','2012-9-13 15:00:20','2012-9-19 15:00:20',0);
insert t_product(f_product_id,f_code,f_product_name,f_os_id,f_model_id,f_vendor_id,f_brand_id,f_operator_id,f_price,f_features,f_remark,f_created_time,f_updated_time,f_deleted) values(390,'X0093','戴尔笔记本',1,1,1,2,1,4000.00,'新品','14英寸','2012-9-13 15:00:20','2012-9-19 15:00:20',0);
insert t_product(f_product_id,f_code,f_product_name,f_os_id,f_model_id,f_vendor_id,f_brand_id,f_operator_id,f_price,f_features,f_remark,f_created_time,f_updated_time,f_deleted) values(391,'BM2101','戴尔笔记本',1,1,1,2,1,4000.00,'新品','14英寸','2012-9-13 15:00:20','2012-9-19 15:00:20',0);
insert t_product(f_product_id,f_code,f_product_name,f_os_id,f_model_id,f_vendor_id,f_brand_id,f_operator_id,f_price,f_features,f_remark,f_created_time,f_updated_time,f_deleted) values(392,'ThinkSD2104','联想电脑',2,3,2,1,2,2500.19,'新品','14英寸','2012-9-13 15:00:20','2012-9-19 15:00:20',0);
insert t_product(f_product_id,f_code,f_product_name,f_os_id,f_model_id,f_vendor_id,f_brand_id,f_operator_id,f_price,f_features,f_remark,f_created_time,f_updated_time,f_deleted) values(393,'G42210','联想笔记本',1,3,1,1,2,2600.19,'畅销','14英寸','2012-9-13 15:00:20','2012-9-19 15:00:20',0);
insert t_product(f_product_id,f_code,f_product_name,f_os_id,f_model_id,f_vendor_id,f_brand_id,f_operator_id,f_price,f_features,f_remark,f_created_time,f_updated_time,f_deleted) values(394,'X0094','联想G480AM-IFI',1,3,2,1,2,5500.19,'畅销','14英寸','2012-9-13 15:00:20','2012-9-19 15:00:20',0);
insert t_product(f_product_id,f_code,f_product_name,f_os_id,f_model_id,f_vendor_id,f_brand_id,f_operator_id,f_price,f_features,f_remark,f_created_time,f_updated_time,f_deleted) values(395,'BM2102','联想U410-IFI(暮光灰)',1,3,3,1,2,2500.00,'畅销','14英寸','2012-9-13 15:00:20','2012-9-19 15:00:20',0);
insert t_product(f_product_id,f_code,f_product_name,f_os_id,f_model_id,f_vendor_id,f_brand_id,f_operator_id,f_price,f_features,f_remark,f_created_time,f_updated_time,f_deleted) values(396,'ThinkSD2105','联想G480A-IFI(金属灰)',1,3,4,1,2,4900.01,'畅销','SSD固态硬盘','2012-9-13 15:00:20','2012-9-19 15:00:20',0);
insert t_product(f_product_id,f_code,f_product_name,f_os_id,f_model_id,f_vendor_id,f_brand_id,f_operator_id,f_price,f_features,f_remark,f_created_time,f_updated_time,f_deleted) values(397,'G42211','联想Y580N-IFI',1,3,5,1,2,6500.02,'畅销','SSD固态硬盘','2012-9-13 15:00:20','2012-9-19 15:00:20',0);
insert t_product(f_product_id,f_code,f_product_name,f_os_id,f_model_id,f_vendor_id,f_brand_id,f_operator_id,f_price,f_features,f_remark,f_created_time,f_updated_time,f_deleted) values(398,'X0095','戴尔14z(Ins14zd-1518)',1,1,2,2,2,12500.03,'新品','SSD固态硬盘','2012-9-13 15:00:20','2012-9-19 15:00:20',0);
insert t_product(f_product_id,f_code,f_product_name,f_os_id,f_model_id,f_vendor_id,f_brand_id,f_operator_id,f_price,f_features,f_remark,f_created_time,f_updated_time,f_deleted) values(399,'BM2103','戴尔14R Turbo(Ins14TD-1728)',1,1,2,2,2,22500.04,'新品','SSD固态硬盘','2012-9-13 15:00:20','2012-9-19 15:00:20',0);
insert t_product(f_product_id,f_code,f_product_name,f_os_id,f_model_id,f_vendor_id,f_brand_id,f_operator_id,f_price,f_features,f_remark,f_created_time,f_updated_time,f_deleted) values(400,'ThinkSD2106','戴尔DNAS',1,1,1,2,2,2500.00,'新品','SSD固态硬盘','2012-9-13 15:00:20','2012-9-19 15:00:20',0);


insert ts_generator(f_generator_name,f_value) values('t_vendor',1000);
insert ts_generator(f_generator_name,f_value) values('t_product',1000);
insert ts_generator(f_generator_name,f_value) values('t_operator',1000);
insert ts_generator(f_generator_name,f_value) values('t_area',1000);
insert ts_generator(f_generator_name,f_value) values('t_brand',1000);
insert ts_generator(f_generator_name,f_value) values('tr_data_function',1000);
insert ts_generator(f_generator_name,f_value) values('ts_function',1000);
insert ts_generator(f_generator_name,f_value) values('t_level',1000);
insert ts_generator(f_generator_name,f_value) values('t_model',1000);
insert ts_generator(f_generator_name,f_value) values('t_os',1000);
insert ts_generator(f_generator_name,f_value) values('t_pay_condition',1000);
insert ts_generator(f_generator_name,f_value) values('tr_privilege',1000);
insert ts_generator(f_generator_name,f_value) values('t_daily_reminder',1000);
insert ts_generator(f_generator_name,f_value) values('ts_role',1000);

insert into ts_function(f_function_id,f_action_url,f_name) values(1,'/admin/index','主页');
insert into ts_function(f_function_id,f_action_url,f_name) values(2,'/admin/main','首页');
insert into ts_function(f_function_id,f_action_url,f_name) values(3,'/admin/dashboard/changepassword','修改密码');
insert into ts_function(f_function_id,f_action_url,f_name) values(4,'/admin/operator/main','人员管理主页');
insert into ts_function(f_function_id,f_action_url,f_name) values(5,'/admin/operator/list','用户和查询列表');
insert into ts_function(f_function_id,f_action_url,f_name) values(6,'/admin/operator/delete','用户无效');
insert into ts_function(f_function_id,f_action_url,f_name) values(7,'/admin/operator/recover','用户有效');
insert into ts_function(f_function_id,f_action_url,f_name) values(8,'/admin/operator/reset','重置密码');
insert into ts_function(f_function_id,f_action_url,f_name) values(9,'/admin/operator/edit','用户添加编辑页面');
insert into ts_function(f_function_id,f_action_url,f_name) values(10,'/admin/operator/resetinedit','编辑时重置密码');
insert into ts_function(f_function_id,f_action_url,f_name) values(11,'/admin/product/main','产品主页');
insert into ts_function(f_function_id,f_action_url,f_name) values(12,'/admin/product/export','产品导出');
insert into ts_function(f_function_id,f_action_url,f_name) values(13,'/admin/product/exportExcel','产品Excel导出');
insert into ts_function(f_function_id,f_action_url,f_name) values(14,'/admin/product/exportXML','产品XML导出');
insert into ts_function(f_function_id,f_action_url,f_name) values(15,'/admin/product/list','产品列表');
insert into ts_function(f_function_id,f_action_url,f_name) values(16,'/admin/product/delete','产品无效按钮');
insert into ts_function(f_function_id,f_action_url,f_name) values(17,'/admin/product/recover','产品有效按钮');
insert into ts_function(f_function_id,f_action_url,f_name) values(18,'/admin/product/edit','产品编辑添加页面');
insert into ts_function(f_function_id,f_action_url,f_name) values(19,'/admin/product/data','产品导入主页');
insert into ts_function(f_function_id,f_action_url,f_name) values(20,'/admin/product/dataUpload','提交产品导入');
insert into ts_function(f_function_id,f_action_url,f_name) values(21,'/admin/product/showresults','产品导入结果');
insert into ts_function(f_function_id,f_action_url,f_name) values(22,'/admin/vendor/main','供应商主页');
insert into ts_function(f_function_id,f_action_url,f_name) values(23,'/admin/vendor/exportExcel','供应商Excel导出');
insert into ts_function(f_function_id,f_action_url,f_name) values(24,'/admin/vendor/exportXML','供应商XML导出');
insert into ts_function(f_function_id,f_action_url,f_name) values(25,'/admin/vendor/export','供应商导出');
insert into ts_function(f_function_id,f_action_url,f_name) values(26,'/admin/vendor/list','供应商列表');
insert into ts_function(f_function_id,f_action_url,f_name) values(27,'/admin/vendor/delete','供应商无效按钮');
insert into ts_function(f_function_id,f_action_url,f_name) values(28,'/admin/vendor/recover','供应商恢复按钮');
insert into ts_function(f_function_id,f_action_url,f_name) values(29,'/admin/vendor/edit','供应商添加编辑页面');
insert into ts_function(f_function_id,f_action_url,f_name) values(30,'/admin/vendor/data','供应商导入主页');
insert into ts_function(f_function_id,f_action_url,f_name) values(31,'/admin/vendor/dataUpload','提交供应商导入');
insert into ts_function(f_function_id,f_action_url,f_name) values(32,'/admin/vendor/showresults','供应商导入结果');
insert into ts_function(f_function_id,f_action_url,f_name) values(33,'/admin/vendor/view','供应商查看');
insert into ts_function(f_function_id,f_action_url,f_name) values(34,'/admin/product/view','产品查看');
insert into ts_function(f_function_id,f_action_url,f_name) values(35,'/admin/reminder/reminder','提醒页面');
insert into ts_function(f_function_id,f_action_url,f_name) values(36,'/admin/reminder/settings','设置提醒');
insert into ts_function(f_function_id,f_action_url,f_name) values(37,'/admin/dashboard/reminder','首页左边');
insert into ts_function(f_function_id,f_action_url,f_name) values(38,'/admin/reminder/edit','修改提醒');
insert into ts_function(f_function_id,f_action_url,f_name) values(39,'/admin/reminder/unread','提醒请求');
insert into ts_function(f_function_id,f_action_url,f_name) values(40,'/admin/product/getmodelsbybrandid','产品查询关联');
insert into ts_function(f_function_id,f_action_url,f_name) values(41,'/admin/file','XML下载');



insert into tr_privilege(f_privilege_id,f_role_id,f_function_id,f_readonly) values(1,1,1,0);
insert into tr_privilege(f_privilege_id,f_role_id,f_function_id,f_readonly) values(2,2,1,0);
insert into tr_privilege(f_privilege_id,f_role_id,f_function_id,f_readonly) values(3,3,1,0);
insert into tr_privilege(f_privilege_id,f_role_id,f_function_id,f_readonly) values(4,1,2,0);
insert into tr_privilege(f_privilege_id,f_role_id,f_function_id,f_readonly) values(5,2,2,0);
insert into tr_privilege(f_privilege_id,f_role_id,f_function_id,f_readonly) values(6,3,2,0);
insert into tr_privilege(f_privilege_id,f_role_id,f_function_id,f_readonly) values(7,1,3,0);
insert into tr_privilege(f_privilege_id,f_role_id,f_function_id,f_readonly) values(8,2,3,0);
insert into tr_privilege(f_privilege_id,f_role_id,f_function_id,f_readonly) values(9,3,3,0);
insert into tr_privilege(f_privilege_id,f_role_id,f_function_id,f_readonly) values(10,1,4,0);
insert into tr_privilege(f_privilege_id,f_role_id,f_function_id,f_readonly) values(11,1,5,0);
insert into tr_privilege(f_privilege_id,f_role_id,f_function_id,f_readonly) values(12,1,6,0);
insert into tr_privilege(f_privilege_id,f_role_id,f_function_id,f_readonly) values(13,1,7,0);
insert into tr_privilege(f_privilege_id,f_role_id,f_function_id,f_readonly) values(14,1,8,0);
insert into tr_privilege(f_privilege_id,f_role_id,f_function_id,f_readonly) values(15,1,9,0);
insert into tr_privilege(f_privilege_id,f_role_id,f_function_id,f_readonly) values(16,1,10,0);
insert into tr_privilege(f_privilege_id,f_role_id,f_function_id,f_readonly) values(17,2,11,0);
insert into tr_privilege(f_privilege_id,f_role_id,f_function_id,f_readonly) values(18,3,11,0);
insert into tr_privilege(f_privilege_id,f_role_id,f_function_id,f_readonly) values(19,2,12,0);
insert into tr_privilege(f_privilege_id,f_role_id,f_function_id,f_readonly) values(20,3,12,0);
insert into tr_privilege(f_privilege_id,f_role_id,f_function_id,f_readonly) values(21,2,13,0);
insert into tr_privilege(f_privilege_id,f_role_id,f_function_id,f_readonly) values(22,3,13,0);
insert into tr_privilege(f_privilege_id,f_role_id,f_function_id,f_readonly) values(23,2,14,0);
insert into tr_privilege(f_privilege_id,f_role_id,f_function_id,f_readonly) values(24,3,14,0);
insert into tr_privilege(f_privilege_id,f_role_id,f_function_id,f_readonly) values(25,2,15,0);
insert into tr_privilege(f_privilege_id,f_role_id,f_function_id,f_readonly) values(26,3,15,0);
insert into tr_privilege(f_privilege_id,f_role_id,f_function_id,f_readonly) values(27,2,16,0);
insert into tr_privilege(f_privilege_id,f_role_id,f_function_id,f_readonly) values(28,2,17,0);
insert into tr_privilege(f_privilege_id,f_role_id,f_function_id,f_readonly) values(29,2,18,0);
insert into tr_privilege(f_privilege_id,f_role_id,f_function_id,f_readonly) values(30,2,19,0);
insert into tr_privilege(f_privilege_id,f_role_id,f_function_id,f_readonly) values(31,2,20,0);
insert into tr_privilege(f_privilege_id,f_role_id,f_function_id,f_readonly) values(32,2,21,0);
insert into tr_privilege(f_privilege_id,f_role_id,f_function_id,f_readonly) values(33,2,22,0);
insert into tr_privilege(f_privilege_id,f_role_id,f_function_id,f_readonly) values(34,3,22,0);
insert into tr_privilege(f_privilege_id,f_role_id,f_function_id,f_readonly) values(35,2,23,0);
insert into tr_privilege(f_privilege_id,f_role_id,f_function_id,f_readonly) values(36,3,23,0);
insert into tr_privilege(f_privilege_id,f_role_id,f_function_id,f_readonly) values(37,2,24,0);
insert into tr_privilege(f_privilege_id,f_role_id,f_function_id,f_readonly) values(38,3,24,0);
insert into tr_privilege(f_privilege_id,f_role_id,f_function_id,f_readonly) values(39,2,25,0);
insert into tr_privilege(f_privilege_id,f_role_id,f_function_id,f_readonly) values(40,3,25,0);
insert into tr_privilege(f_privilege_id,f_role_id,f_function_id,f_readonly) values(41,2,26,0);
insert into tr_privilege(f_privilege_id,f_role_id,f_function_id,f_readonly) values(42,3,26,0);
insert into tr_privilege(f_privilege_id,f_role_id,f_function_id,f_readonly) values(43,2,27,0);
insert into tr_privilege(f_privilege_id,f_role_id,f_function_id,f_readonly) values(44,2,28,0);
insert into tr_privilege(f_privilege_id,f_role_id,f_function_id,f_readonly) values(45,2,29,0);
insert into tr_privilege(f_privilege_id,f_role_id,f_function_id,f_readonly) values(46,2,30,0);
insert into tr_privilege(f_privilege_id,f_role_id,f_function_id,f_readonly) values(47,2,31,0);
insert into tr_privilege(f_privilege_id,f_role_id,f_function_id,f_readonly) values(48,2,32,0);
insert into tr_privilege(f_privilege_id,f_role_id,f_function_id,f_readonly) values(49,2,33,0);
insert into tr_privilege(f_privilege_id,f_role_id,f_function_id,f_readonly) values(50,3,33,0);
insert into tr_privilege(f_privilege_id,f_role_id,f_function_id,f_readonly) values(51,2,34,0);
insert into tr_privilege(f_privilege_id,f_role_id,f_function_id,f_readonly) values(52,3,34,0);
insert into tr_privilege(f_privilege_id,f_role_id,f_function_id,f_readonly) values(53,1,35,0);
insert into tr_privilege(f_privilege_id,f_role_id,f_function_id,f_readonly) values(54,2,35,0);
insert into tr_privilege(f_privilege_id,f_role_id,f_function_id,f_readonly) values(55,3,35,0);
insert into tr_privilege(f_privilege_id,f_role_id,f_function_id,f_readonly) values(56,1,36,0);
insert into tr_privilege(f_privilege_id,f_role_id,f_function_id,f_readonly) values(57,2,36,0);
insert into tr_privilege(f_privilege_id,f_role_id,f_function_id,f_readonly) values(58,3,36,0);
insert into tr_privilege(f_privilege_id,f_role_id,f_function_id,f_readonly) values(59,1,37,0);
insert into tr_privilege(f_privilege_id,f_role_id,f_function_id,f_readonly) values(60,2,37,0);
insert into tr_privilege(f_privilege_id,f_role_id,f_function_id,f_readonly) values(61,3,37,0);
insert into tr_privilege(f_privilege_id,f_role_id,f_function_id,f_readonly) values(62,1,38,0);
insert into tr_privilege(f_privilege_id,f_role_id,f_function_id,f_readonly) values(63,2,38,0);
insert into tr_privilege(f_privilege_id,f_role_id,f_function_id,f_readonly) values(64,3,38,0);
insert into tr_privilege(f_privilege_id,f_role_id,f_function_id,f_readonly) values(65,1,39,0);
insert into tr_privilege(f_privilege_id,f_role_id,f_function_id,f_readonly) values(66,2,39,0);
insert into tr_privilege(f_privilege_id,f_role_id,f_function_id,f_readonly) values(67,3,39,0);
insert into tr_privilege(f_privilege_id,f_role_id,f_function_id,f_readonly) values(68,2,40,0);
insert into tr_privilege(f_privilege_id,f_role_id,f_function_id,f_readonly) values(69,3,40,0);
insert into tr_privilege(f_privilege_id,f_role_id,f_function_id,f_readonly) values(70,2,41,0);
insert into tr_privilege(f_privilege_id,f_role_id,f_function_id,f_readonly) values(71,3,41,0);












